[{"id":"88cc4fbf.7b8f","type":"tab","label":"Regions_SOE_flow","disabled":false,"info":""},{"id":"88873225.280a6","type":"subflow","name":"Batch Enryption (Docker)","info":"","in":[{"x":79,"y":112,"wires":[{"id":"f15b832f.c16cf8"}]}],"out":[{"x":813,"y":143,"wires":[{"id":"341aa9ad.805c7e","port":0}]}]},{"id":"2b55c82b.6ae508","type":"subflow","name":"Batch Process flow for Encryption","info":"","in":[{"x":116,"y":101,"wires":[{"id":"96ae5a02.06e2b8"}]}],"out":[{"x":274,"y":394,"wires":[{"id":"4356f0f6.fe2ca8","port":1}]}]},{"id":"d2a72cb.278545","type":"subflow","name":"Batch Enryption (Local)","info":"","in":[{"x":106,"y":94,"wires":[{"id":"db701be6.1683a8"}]}],"out":[{"x":910,"y":89,"wires":[{"id":"4a5566e4.56b568","port":0}]}]},{"id":"8a362f0f.d280e","type":"subflow","name":"Logouts","info":"","in":[{"x":50,"y":30,"wires":[{"id":"b77cfe6.f3231"}]}],"out":[]},{"id":"9d3f80a5.959428","type":"subflow","name":"Post REST 1st Fee","info":"","in":[{"x":140,"y":220,"wires":[{"id":"11ce401b.ec5608"}]}],"out":[{"x":740,"y":220,"wires":[{"id":"933a032d.572818","port":0}]}]},{"id":"e0c8b9aa.e027e","type":"subflow","name":"GET REST 1st Fee","info":"","in":[{"x":240,"y":260,"wires":[{"id":"bd4a9427.7e0798"}]}],"out":[{"x":920,"y":300,"wires":[{"id":"400a2d18.da5bac","port":0}]}]},{"id":"d7d68437.1563","type":"subflow","name":"Finesse SOAP user data call","info":"","in":[{"x":50,"y":30,"wires":[{"id":"6826e879.ae846"}]}],"out":[{"x":681,"y":121,"wires":[{"id":"42dfa11e.8f13c8","port":0}]}]},{"id":"3da428e.f615fd8","type":"subflow","name":"GetMssqlSession","info":"","in":[{"x":43,"y":41,"wires":[{"id":"88d43b37.0e6a58"}]}],"out":[{"x":638.9999942779541,"y":53.999996185302734,"wires":[{"id":"28175ac7.8dfc86","port":0}]}]},{"id":"9739fa7b.6a44c","type":"subflow","name":"Set Base File Path (Local)","info":"","in":[{"x":180,"y":220,"wires":[{"id":"79706101.e67b28"}]}],"out":[{"x":560,"y":220,"wires":[{"id":"79706101.e67b28","port":0}]}]},{"id":"9d1bbf96.bcfb6","type":"subflow","name":"Local-Read Env file  and Decrypt","info":"Please use this Subflow for testing \nwith local node-red installation","in":[{"x":219,"y":110,"wires":[{"id":"eeac0d7.c20947"}]}],"out":[{"x":634,"y":111,"wires":[{"id":"1fdd8f0.e26ec71","port":0}]}]},{"id":"e47835fe.d52fc8","type":"subflow","name":"Set Base File Path (Docker)","info":"","in":[{"x":180,"y":142,"wires":[{"id":"cf1d46ee.12e688"}]}],"out":[{"x":659,"y":139,"wires":[{"id":"cf1d46ee.12e688","port":0}]}]},{"id":"c3da9514.dc35f","type":"subflow","name":"Check Global Variables","info":"","in":[{"x":100,"y":140,"wires":[{"id":"404429fd.2948e"}]}],"out":[{"x":460,"y":140,"wires":[{"id":"404429fd.2948e","port":0}]}]},{"id":"a0a6fe05.08241","type":"subflow","name":"Decrypt the String","info":"","in":[{"x":209,"y":162,"wires":[{"id":"ce7128b9.1c7ca8"}]}],"out":[{"x":614,"y":162,"wires":[{"id":"ce7128b9.1c7ca8","port":0}]}]},{"id":"22409fba.2e272","type":"subflow","name":"Decrypt/Set Global Variables","info":"Date: 08/14/2017-\n\nNew Subflow Created to share logic between\nLocal and Docker flow.","in":[{"x":67,"y":137,"wires":[{"id":"ed49971d.78b048"}]}],"out":[{"x":340,"y":480,"wires":[{"id":"2a979759.66f528","port":0}]}]},{"id":"432885a0.d63e5c","type":"subflow","name":"Docker Read Env file and Decrypt","info":"","in":[{"x":92,"y":117,"wires":[{"id":"c07221d4.e3a99"}]}],"out":[{"x":817,"y":304,"wires":[{"id":"4dab7bc3.925624","port":0}]}]},{"id":"fedab7e0.a492b8","type":"subflow","name":"Encrypt the String","info":"","in":[{"x":96,"y":130,"wires":[{"id":"850a36cb.05bbf8"}]}],"out":[{"x":491,"y":130,"wires":[{"id":"850a36cb.05bbf8","port":0}]}]},{"id":"e138d138.dc358","type":"subflow","name":"Execute SQL","info":"","in":[{"x":139.0000035762787,"y":121.99999809265137,"wires":[{"id":"63349c60.454c14"}]}],"out":[{"x":473.0000057220459,"y":119.99999904632568,"wires":[{"id":"63349c60.454c14","port":0}]}]},{"id":"30457e8.8729482","type":"subflow","name":"SetMssqlSession","info":"","in":[{"x":50,"y":30,"wires":[{"id":"6550960e.aaf95"}]}],"out":[{"x":714,"y":522,"wires":[{"id":"dbabe865.77d84","port":0}]}]},{"id":"76675d81.eb7e94","type":"MSSQL-CN","z":"","name":"ucg-mssql","server":"ucg-mssql.database.windows.net","encyption":true,"database":"ucg"},{"id":"a8d5ebae.8d9888","type":"MSSQL-CN","z":"","name":"ucg-mssql","server":"ucg-mssql.database.windows.net","encyption":true,"database":"ucg"},{"id":"190f4118.40aebf","type":"MSSQL-UCG-CN","z":"","name":"","server":"","port":"","encyption":true,"database":""},{"id":"eb4ab182.f0609","type":"MSSQL-UCG-CN","z":"","name":"Test","server":"wdwasoesql01","port":"31631","encyption":true,"database":"WASOE_VA_Sessionstate"},{"id":"7886df16.fa8e58","type":"MSSQL-UCG-CN","z":"","name":"","server":"","port":"","encyption":true,"database":""},{"id":"b28cf63.c575b08","type":"tls-config","z":"","name":"","cert":"","key":"","ca":"","certname":"","keyname":"","caname":"","verifyservercert":false},{"id":"f15b832f.c16cf8","type":"function","z":"88873225.280a6","name":"Batch Encryption- Set Base Variables (Docker)","func":"var m_base_key_path = \"/usr/src/node-red/keyfiles/\";\nvar m_base_log_path = \"/usr/src/node-red/logs/\";\n\nvar m_env_input_file      = m_base_key_path+ 'SOE_environment_file_input';\nvar m_env_output_file     = m_base_key_path+ 'SOE_environment_file_output';\nvar m_env_revalidation_file = m_base_key_path+ 'SOE_environment_revalidation_output';\n\nglobal.set(\"global_file_path_key_files\",m_base_key_path);\nglobal.set(\"global_passwd_phrase_file\",m_base_key_path+\"password_phrase.txt\");\nglobal.set(\"global_logfile_path\",m_base_log_path+\"logs/\");\nglobal.set(\"global_env_input_file\",m_env_input_file);\nglobal.set(\"global_env_output_file\",m_env_output_file);\nglobal.set(\"global_env_revalidation_file\",m_env_revalidation_file);\nreturn msg;","outputs":1,"noerr":0,"x":276,"y":258,"wires":[["341aa9ad.805c7e"]]},{"id":"341aa9ad.805c7e","type":"subflow:2b55c82b.6ae508","z":"88873225.280a6","name":"","x":653,"y":256,"wires":[[]]},{"id":"6bc77842.c3ecf8","type":"comment","z":"88873225.280a6","name":"Batch Enryption (Docker) - Subflow","info":"","x":463,"y":119,"wires":[]},{"id":"4356f0f6.fe2ca8","type":"read-line","z":"2b55c82b.6ae508","name":"Read one line from \"environment_file Input file\"","topic":"","file":"","offset":0,"limit":0,"x":298,"y":307,"wires":[["43756fd2.e81668","fa2f7a7b.27f5f8"],[]]},{"id":"43756fd2.e81668","type":"function","z":"2b55c82b.6ae508","name":"Receive String to Decrypt ","func":"var m_string = msg.payload;\n\nif (m_string.lastIndexOf(\"|\") >= 0 ) {\nmsg.string = msg.payload.split(\"|\");\nmessage1  =msg.string[0].trim();\nmsg_flag  =msg.string[1].trim();\nmessage2  =msg.string[2].trim();\n} else {\n    \n    var message1 = \"\";\n    var msg_flag = \"N\";\n    var message2 = \" \";\n}\n\nm_file = global.get(\"global_env_output_file\");\nnode.log(\"nak output : \" + m_file);\n//msg.payload ={};\nmsg.topic = message1;\nmsg.payload = message2;\nmsg.flag = msg_flag;\nmsg.m_value = message2;\nmsg.filename = global.get(\"global_env_output_file\");\n\nreturn msg;","outputs":1,"noerr":0,"x":631,"y":301,"wires":[["84aab0cc.9d569"]]},{"id":"84aab0cc.9d569","type":"switch","z":"2b55c82b.6ae508","name":"Check if to be encrypted","property":"flag","propertyType":"msg","rules":[{"t":"eq","v":"R","vt":"str"},{"t":"else"}],"checkall":"true","outputs":2,"x":476,"y":510,"wires":[["fe753fff.dde678"],["29cb280d.ee7dc8","7bfdb7ce.49d8"]]},{"id":"29cb280d.ee7dc8","type":"function","z":"2b55c82b.6ae508","name":"Encryption Flow Function - Prepare to write to the Environment Output FIle","func":"//msg.string = msg.payload.split(\":\");\n//message1  =msg.string[0].trim();\n//message2  =msg.string[1].trim();\n\nmessage1  =msg.topic; \nmessage2  =msg.payload;\nmsg_flag  =msg.flag;\n\nvar m_string = message1 + \"                                           \";\nvar m_sub_str = m_string.substring(0,35);\n\nif (msg_flag == 'R') {\n    msg_flag = 'Y';\n} \n\nvar m_output_string = m_sub_str + '|' + msg_flag + '| ' + message2;\n\nnode.log(\"NAK2- m_output_string : =>\"+ m_output_string);\n//msg.payload = {};\nmsg.payload = m_output_string;\n\nmsg.filename = global.get(\"global_env_output_file\");\n\nreturn [msg] \n","outputs":1,"noerr":0,"x":986,"y":453,"wires":[["ddf5e806.04bca8","95eae7c5.4415d8"]]},{"id":"ddf5e806.04bca8","type":"debug","z":"2b55c82b.6ae508","name":"Display Encrypted string","active":true,"console":"false","complete":"payload","x":1223,"y":363,"wires":[]},{"id":"eb39e2ff.db6be","type":"comment","z":"2b55c82b.6ae508","name":"Readme First - Prior to Using this Batch Encryption Subflow","info":"/************************************************/\n/** Added by Nitin Kulkarni                    **/\n/** IBM GBS                                    **/\n/** Date: 08/18/2017                           **/\n/** Modification History Add below             **/\n/**                                            **/\n/************************************************/\n\n==================================================\n============= IMPORTANT Note: ====================  \n  Please Remove Debug Nodes from this flow\n            prior to deployment\n==================================================\n==================================================\n\nIntro:\n------\n\nThis flow is utility to allow mass encryption.\n\nFiles Used by this flow-\n\nPassword Phrase File: \"password_phrase.txt\"\nInput enviornment file Name: \"SOE_environment_file_input\"\n\nOutput file Name: \"SOE_environment_file_output\"\nRevalidation (Reverse encryption) file : \"SOE_environment_revalidation_output\"\n\n\nThese files should be kept in the supporting file folder\n\nStructure of Input file:\n------------------------\nSubject                       Flag  Value\n=======                       ====  ====================================\nconversation_workspace        |R|   321e996d-efee-42a0-8aed-3dc93006a026\nmf_ivrh_url                   |N|   https://devl:16180/iv/IVRH\n\nFlag 'R' indicates - Value needs to be encrypted\n     'N' indicate4s - encryption is not needed and can be pass as is\n\n\nHow Flow Works:\n---------------\n\nThe flow will read Input environment file, will used password phrase from the \npassword phrase file.\n\nThe flow will use Crypto-JS/AES algorithm and will encrypt the value based on the flag.\nEach line from Inputfile will be written to the output file, \nIn the output file -\n   on encryped rows, the flag will be set to \"Y\"\n   on pass-thru lines the flag will remain asis i.e. \"N\"\n   \n\nRevalidation File:\n=================\nThe purpose of revalidation flow, is pass the encrypted string to the\ndecrypt function and generate the orginal string for the verification.\n\nThe flow will generate revalidation file.\n\n","x":565,"y":60,"wires":[]},{"id":"96ae5a02.06e2b8","type":"function","z":"2b55c82b.6ae508","name":"Reset Env Output File","func":"\n/** Reset the file **/\n\nmsg.payload = \"\";\nmsg.filename =  global.get(\"global_env_output_file\");\n \nreturn msg;\n\n","outputs":1,"noerr":0,"x":324,"y":142,"wires":[["c14adc95.ab07f","70b4dfa8.3e155"]]},{"id":"95eae7c5.4415d8","type":"file","z":"2b55c82b.6ae508","name":"","filename":"","appendNewline":true,"createDir":false,"overwriteFile":"false","x":1241,"y":533,"wires":[]},{"id":"c14adc95.ab07f","type":"file","z":"2b55c82b.6ae508","name":"Reset File Output File","filename":"","appendNewline":false,"createDir":false,"overwriteFile":"true","x":715,"y":140,"wires":[]},{"id":"e73c0ca.e2eebf","type":"function","z":"2b55c82b.6ae508","name":"Set Input File Name","func":"msg.filename =  global.get(\"global_env_input_file\");\n \nreturn msg;","outputs":1,"noerr":0,"x":336,"y":256,"wires":[["4356f0f6.fe2ca8"]]},{"id":"fe753fff.dde678","type":"subflow:fedab7e0.a492b8","z":"2b55c82b.6ae508","name":"","x":795,"y":381,"wires":[["29cb280d.ee7dc8","15704524.80960b"]]},{"id":"15704524.80960b","type":"subflow:a0a6fe05.08241","z":"2b55c82b.6ae508","name":"","x":790,"y":544,"wires":[["7bfdb7ce.49d8","c8beb447.6fee78"]]},{"id":"70b4dfa8.3e155","type":"function","z":"2b55c82b.6ae508","name":"Reset Revalidation File","func":"msg.filename = global.get(\"global_env_revalidation_file\"); \nmsg.payload = \"\";\nreturn msg;","outputs":1,"noerr":0,"x":328,"y":190,"wires":[["e73c0ca.e2eebf","c14adc95.ab07f"]]},{"id":"7bfdb7ce.49d8","type":"function","z":"2b55c82b.6ae508","name":"Revalidation Flow - Prepare to Write to the file Revalidation Output File","func":"//msg.string = msg.payload.split(\":\");\n//message1  =msg.string[0].trim();\n//message2  =msg.string[1].trim();\n\nmessage1  =msg.topic; \nmessage2  =msg.payload;\nmsg_flag  =msg.flag;\n\nvar m_string = message1 + \"                                           \";\nvar m_sub_str = m_string.substring(0,35);\n\nif (msg_flag == 'Y') {\n    msg_flag = 'R';\n} \n\nvar m_output_string = m_sub_str + '|' + msg_flag + '| ' + message2;\n\nnode.log(\"NAK2- m_revalidation_string : =>\"+ m_output_string);\n//msg.payload = {};\nmsg.payload = m_output_string;\n\nmsg.filename = global.get(\"global_env_revalidation_file\"); \n\nreturn [msg] \n","outputs":1,"noerr":0,"x":948,"y":610,"wires":[["95eae7c5.4415d8"]]},{"id":"db701be6.1683a8","type":"function","z":"d2a72cb.278545","name":"Batch Encryption- Set Base Variables (Local)","func":"var m_base_key_path = \"/Users/nitin.a.kulkarni@us.ibm.com/.node-red/keyfiles/\";\nvar m_base_log_path = \"/Users/nitin.a.kulkarni@us.ibm.com/.node-red/logs/\";\nvar m_env_input_file      = m_base_key_path+ 'SOE_environment_file_input';\nvar m_env_output_file     = m_base_key_path+ 'SOE_environment_file_output';\nvar m_env_revalidation_file = m_base_key_path+ 'SOE_environment_revalidation_output';\n\nglobal.set(\"global_file_path_key_files\",m_base_key_path);\nglobal.set(\"global_passwd_phrase_file\",m_base_key_path+\"password_phrase.txt\");\nglobal.set(\"global_logfile_path\",m_base_log_path+\"logs/\");\nglobal.set(\"global_env_input_file\",m_env_input_file);\nglobal.set(\"global_env_output_file\",m_env_output_file);\nglobal.set(\"global_env_revalidation_file\",m_env_revalidation_file);\nreturn msg;","outputs":1,"noerr":0,"x":348,"y":194,"wires":[["4a5566e4.56b568"]]},{"id":"4a5566e4.56b568","type":"subflow:2b55c82b.6ae508","z":"d2a72cb.278545","name":"","x":735,"y":192,"wires":[[]]},{"id":"b77cfe6.f3231","type":"function","z":"8a362f0f.d280e","name":"prepare to write a log","func":"//*** Puopulate Log Variables ***// \nvar m_unique_UserID = \" \";\nvar m_loggingtimestamp = \" \";\nvar currentIntent = \"\";\nvar currentConfidence =\"\";\nvar currentInputText =\"\";\nvar currentOutputText =\"\";\nvar currentRepeatRequestCount = \"\";\nvar currentFlowRepeatRequestCount = \"\";\nvar currentUserID =\"\";\nvar currentPhoneFrom =\"\";\nvar startTimeStamp =\"\";\nvar conversationID=\"\";\nvar channel = \"\";\nvar convoUser = \" \";\nvar convoTS = \" \";\nvar convoSource = \" \";\nvar convoPayload = \" \";\n\n\n//node.error(\"made vars in log context\");\n\nvar m_loggingtimestamp = new Date().toString();\nif ((msg.payload.intents!==undefined)&&(msg.payload.intents[0]!==undefined)){\n    if (msg.payload.intents[0].intent!==undefined){\n        currentIntent= msg.payload.intents[0].intent;\n    }\n    if (msg.payload.intents[0].confidence!==undefined){\n        currentConfidence=msg.payload.intents[0].confidence;\n    }\n}\nif (msg.payload.input.text!==undefined){\n    currentInputText=msg.payload.input.text;\n}\nif (msg.payload.output.text!==undefined){\n    currentOutputText=msg.payload.output.text[0];\n}\nif (msg.payload.context.RepeatRequestCount!==undefined){\n    currentRepeatRequestCount = msg.payload.context.RepeatRequestCount;\n}\nif (msg.payload.context.FlowRepeatRequestCount!==undefined){\n    currentFlowRepeatRequestCount = msg.payload.context.FlowRepeatRequestCount\n}\nif (msg.user!==undefined){\n    currentUserID=msg.user;\n    m_unique_UserID = msg.user;\n    convoUser = msg.user;\n}\nif (msg.req.body.From!==undefined){\n    currentPhoneFrom=msg.req.body.From;\n}\nif (msg.payload.context.startTimeStamp!==undefined){\n    startTimeStamp=msg.payload.context.startTimeStamp;\n    convoTS = msg.payload.context.startTimeStamp;\n}\nif (msg.payload.context.conversation_id!==undefined){\n    conversationID=msg.payload.context.conversation_id;\n}\nif (msg.payload.context.Channel!==undefined){\n    channel= msg.payload.context.Channel;\n    convoSource= msg.payload.context.Channel;\n}\nconvoPayload = msg.payload;\n\n\n\n\n\n//if (msg.payload.context.Email!==undefined){\n//    curEmail=msg.payload.context.Email\n//}\n//if (msg.payload.context.SIPvoiceSessionID!==undefined){\n//    voiceRecId=msg.payload.context.SIPvoiceSessionID\n//}\n//var currentTimeStamp=new Date().toString();\n\n//if (msg.payload.context.TransferCount!==undefined){\n//    currentTransferCount= msg.payload.context.TransferCount\n//}\n\nvar date1= new Date();\nvar dayValue = date1.getDate();\n\nvar regionslog= {payload : {\n    \"userid\" : m_unique_UserID,\n    \"loggingtimestamp\" : dayValue,\n    \"currentIntent\" : currentIntent,\n    \"currentConfidence\" : currentConfidence,\n    \"currentInputText\" : currentInputText,\n    \"currentOutputText\": currentOutputText,\n    \"currentRepeatRequestCount\" : currentRepeatRequestCount,\n    \"currentFlowRepeatRequestCount\" : currentFlowRepeatRequestCount,\n    \"currentUserID\" : currentUserID,\n    \"currentPhoneFrom\" : currentPhoneFrom,\n    \"startTimeStamp\" : startTimeStamp,\n    \"conversationID\":conversationID,\n    \"channel\" : channel\n}};\nvar regionssessionlog = {payload: {\n    \"convoUser\" : convoUser,\n    \"convoTS\" : convoTS,\n    \"convoSource\" : convoSource,\n    \"convoPayload\" : convoPayload\n}};\n\n//node.error(\"created new log data object\");\n\nreturn [regionslog,regionssessionlog];","outputs":"2","noerr":0,"x":207,"y":98,"wires":[["46d562d7.c5c86c"],[]]},{"id":"179b257d.47ef5b","type":"http request","z":"8a362f0f.d280e","name":"","method":"GET","ret":"txt","url":"","x":610,"y":60,"wires":[[]]},{"id":"46d562d7.c5c86c","type":"function","z":"8a362f0f.d280e","name":"Splunk","func":"node.console(msg.payload);\nreturn msg;","outputs":1,"noerr":0,"x":410,"y":80,"wires":[["179b257d.47ef5b"]]},{"id":"77a151b4.c6fbf8","type":"debug","z":"9d3f80a5.959428","name":"","active":true,"console":"false","complete":"true","x":850,"y":440,"wires":[]},{"id":"933a032d.572818","type":"http request","z":"9d3f80a5.959428","name":"Submit Update (Post) to MF API-\"","method":"use","ret":"obj","url":"","tls":"","x":626,"y":439,"wires":[["77a151b4.c6fbf8"]]},{"id":"11ce401b.ec5608","type":"function","z":"9d3f80a5.959428","name":"Set Variables for HTTP Request","func":"/*** Define Variables for the Request; these should be received from VGW ***/\n\nvar m_transaction = \"IVRH\";\nvar m_userid = \"SVCWCS01\";\nvar m_appl = \"DA\";\nvar m_bank = \"053\";\nvar m_account = 1122334455;\nvar m_fee_code = \"01\";\nvar m_assess_date = 20170525;\nvar m_assess_amt  = 36;\nvar m_refund_amt = 0;\nvar m_first_free = \"Y\";\nvar m_huserid = global.get(\"global_HUSERID\");\nvar m_url = global.get(\"global_mf_ivrh_url\");\n\n// Authorization Token to be taken from Enviornment File //\nvar m_REST_authorization_token;     \n\n\nmsg.headers={};\nmsg.headers={\"Content-Type\":\"application/json\",\n             \"Accept\" : \"application/json\",\n             \"HUSERID\": \"m_huserid\"\n//             \"Authorization\" : m_authorization_token\n};\nmsg.url = m_url;  // ** \"https://devl:16180/iv/IVRH\";\nmsg.method = \"post\";\n\nmsg.payload={};\nmsg.payload={\n\"IVRHJSI\": {\n    \"ivrhrequest\": {\n      \"transaction\": m_transaction,\n      \"userid\": m_userid,\n      \"appl\": m_appl,\n      \"bank\": m_bank,\n      \"account\": m_account,\n      \"fee\": {\n        \"fee_code\": m_fee_code,\n        \"assess_date\": m_assess_date,\n        \"assess_amt\": m_assess_amt\n      },\n      \"refund\": {\n        \"refund_amt\": m_refund_amt,\n        \"first_free\": m_first_free\n      }\n    }\n  }\n}\nreturn msg;","outputs":1,"noerr":0,"x":311,"y":439,"wires":[["933a032d.572818","3f7fd5e9.f99cba"]]},{"id":"3f7fd5e9.f99cba","type":"debug","z":"9d3f80a5.959428","name":"","active":true,"console":"false","complete":"true","x":536,"y":379,"wires":[]},{"id":"632bf8c2.9b363","type":"debug","z":"e0c8b9aa.e027e","name":"","active":true,"console":"false","complete":"false","x":930,"y":380,"wires":[]},{"id":"400a2d18.da5bac","type":"http request","z":"e0c8b9aa.e027e","name":"Reuest for the Data","method":"use","ret":"obj","url":"","tls":"","x":729,"y":383,"wires":[["632bf8c2.9b363"]]},{"id":"bd4a9427.7e0798","type":"function","z":"e0c8b9aa.e027e","name":"Request for the Data","func":"/*** Define Variables for the Request; these should be received from VGW ***/\n\nvar m_transaction = \"IVTH\";\nvar m_appl = \"DA\";\nvar m_bank = \"053\";\nvar m_account = 1122334455;\nvar m_fee_only = \"Y\";\nvar m_feecd_fr = \"01\";\n\nvar m_huserid = global.get(\"global_HUSERID\");\nvar m_url = global.get(\"global_mf_ivth_url\");\n\n// Authorization Token to be taken from Enviornment File //\nvar m_REST_authorization_token;     \n\n\nmsg.headers={};\nmsg.headers={\"Content-Type\":\"application/json\",\n             \"Accept\" : \"application/json\",\n             \"HUSERID\": m_huserid\n//             \"Authorization\" : m_authorization_token\n};\nmsg.url = m_url;  // ** \"https://devl:16180/iv/IVTH\";\nmsg.method = \"post\";\n\nmsg.payload={};\nmsg.payload={\n\"IVTHJSI\": {\n    \"ivthrequest\": {\n      \"transaction\": m_transaction,\n      \"userid\": m_huserid,\n      \"appl\": m_appl,\n      \"bank\": m_bank,\n      \"account\": m_account,\n      \"fee_only\" : m_fee_only,\n      \"feecd_fr\" : m_feecd_fr\n    }\n  }\n}\nreturn msg;","outputs":1,"noerr":0,"x":479,"y":383,"wires":[["400a2d18.da5bac"]]},{"id":"6826e879.ae846","type":"function","z":"d7d68437.1563","name":"SOAP node to be added","func":"\nreturn msg;","outputs":1,"noerr":0,"x":204,"y":229,"wires":[["42dfa11e.8f13c8"]]},{"id":"42dfa11e.8f13c8","type":"function","z":"d7d68437.1563","name":"","func":"\nreturn msg;","outputs":1,"noerr":0,"x":533,"y":208,"wires":[[]]},{"id":"f76fe8aa.0c5e58","type":"function","z":"3da428e.f615fd8","name":"Set Session in subflow","func":"node.error(\"from Set sessionsubflow\");\nnode.error(msg);\nmsg.getsession.sqlsection.qry_result = msg.payload;\nvar last_convo_payload = {};\n//    m_convo_payload = msg.getsession.sqlsection.qry_result.recordsets.convoPayload;\n    //node.error(\"m_convo_payload\"+m_convo_payload);\n\nif (msg.payload !==undefined) {   \n     node.error(\"msg-payload -Initial Assignment\");\n     m_convo_payload = JSON.stringify(msg.payload.convoPayload);\n}\nelse {\n    m_convo_payload = msg.payload;\n//    m_convo_payload = JSON.stringify(msg.getsession.sqlsection.qry_result.recordset[0].convoPayload);\n    node.error(\"NAK: m_convo_payload\"+m_convo_payload);\n    \n}\n\nmsg.last_convo_payload = m_convo_payload;\n\nreturn msg;","outputs":1,"noerr":0,"x":365.4999885559082,"y":100.99999141693115,"wires":[["28175ac7.8dfc86"]]},{"id":"79706101.e67b28","type":"function","z":"9739fa7b.6a44c","name":"Set Base File Paths (Local)","func":"var m_base_key_path = \"/Users/nitin.a.kulkarni@us.ibm.com/.node-red/keyfiles/\";\nvar m_base_log_path = \"/Users/nitin.a.kulkarni@us.ibm.com/.node-red/logs/\";\nvar m_env_file      = 'SOE_environment_file';\n\n\nglobal.set(\"global_file_path_key_files\",m_base_key_path);\nglobal.set(\"global_passwd_phrase_file\",m_base_key_path+\"password_phrase.txt\");\nglobal.set(\"global_logfile_path\",m_base_log_path+\"logs/\");\n\n\nmsg.filename = m_base_key_path + m_env_file;\n\nreturn msg;\n\n","outputs":1,"noerr":0,"x":360,"y":220,"wires":[[]]},{"id":"3ce2636.a77869c","type":"comment","z":"9d1bbf96.bcfb6","name":"Readme First - Prior to Using this Subflow","info":"/************************************************/\n/** Added by Nitin Kulkarni                    **/\n/** IBM GBS                                    **/\n/** Date: 08/12/2017                           **/\n/** Modification History Add below             **/\n/**                                            **/\n/************************************************/\n\n==================================================\n============= IMPORTANT Note: ====================  \n  Please Remove Debug Nodes from this flow\n            prior to deployment\n==================================================\n==================================================\n\nIntro:\n------\n\nThis Subflow gets executed only once during the run.\n\nThe flow will read environment file and \npassword phrase file from the host and will \ndecrypt the strings kept in environment variable file. \nThe flow will also define following global variables \nfor the session. \n\nNote for making update to environment file:\n===========================================\n\nIf new rows are added to environemnt file \nthen remember to update the Node \n\"Receive Decrypted String and Define Global Variable\" to \ndefine addtional global variables.\n\n\nList of Global Variables:\n=========================\n\nglobal_conv_wks  ==> Conversation Workspace\nglobal_conv_usr  ==> Conversation User Name\nglobal_conv_pass ==> Conversation Password \n\n\nNode for the Deployment:\n========================\n\nCurrent Environment file name is: \nvar m_env_file      = 'SOE_environement_file_DEV';\n\nEnviornment File Name needs to be updted in the\nNode : \"Store Global File Path\".\n\n\nOther Variables are file path variables; \nthese path must be mapped to corresponding \nfolders on the host.\n\nvar m_base_key_path = \"/usr/src/node-red/keyfiles/\";\nvar m_base_log_path = \"/usr/src/node-red/logs/\";\n\n\n\nStructure of Environment Variable file\"\n=======================================\n\nconversation_workspace |<encryption flag Y or N> | <encrypted string>\nconversation_username  |<encryption flag Y or N> | <encrypted string>\nconversation_password  |<encryption flag Y or N> | <encrypted string>\n\n\n\n","x":419,"y":45,"wires":[]},{"id":"1fdd8f0.e26ec71","type":"subflow:22409fba.2e272","z":"9d1bbf96.bcfb6","name":"","x":596,"y":214,"wires":[[]]},{"id":"eeac0d7.c20947","type":"subflow:9739fa7b.6a44c","z":"9d1bbf96.bcfb6","name":"","x":280,"y":213,"wires":[["1fdd8f0.e26ec71"]]},{"id":"cf1d46ee.12e688","type":"function","z":"e47835fe.d52fc8","name":"Set Base File Paths (Docker)","func":"var m_base_key_path = \"/usr/src/node-red/keyfiles/\";\nvar m_base_log_path = \"/usr/src/node-red/logs/\";\nvar m_env_file      = 'SOE_environment_file';\n\nglobal.set(\"global_file_path_key_files\",m_base_key_path);\nglobal.set(\"global_passwd_phrase_file\",m_base_key_path+\"password_phrase.txt\");\nglobal.set(\"global_logfile_path\",m_base_log_path+\"logs/\");\n\n\nmsg.filename = m_base_key_path + m_env_file;\n\nreturn msg;","outputs":1,"noerr":0,"x":415,"y":220,"wires":[[]]},{"id":"70ac9c3e.42906c","type":"comment","z":"e47835fe.d52fc8","name":"Subflow: Set Base File Paths (Docker)","info":"","x":403,"y":79,"wires":[]},{"id":"404429fd.2948e","type":"function","z":"c3da9514.dc35f","name":"Check Global Variables","func":"msg.payload = {};\n\nmsg.payload.global_conv_wks = global.get(\"global_conv_wks\");\nmsg.payload.global_conv_usr = global.get(\"global_conv_usr\");\nmsg.payload.global_conv_pass = global.get(\"global_conv_pass\");\n\nmsg.payload.global_stt_usr = global.get(\"global_stt_usr\");\nmsg.payload.global_stt_pass = global.get(\"global_stt_pass\");\nmsg.payload.global_tts_usr = global.get(\"global_tts_usr\");\nmsg.payload.global_tts_pass = global.get(\"global_tts_pass\");\n\nmsg.payload.global_mf_ivrh_url = global.get(\"global_mf_ivrh_url\");\nmsg.payload.global_mf_ivth_url = global.get(\"global_mf_ivth_url\");\nmsg.payload.global_HUSERID  = global.get(\"global_HUSERID\");\n\nmsg.payload.global_mssql_server = global.get(\"global_mssql_server\");  \nmsg.payload.global_mssql_db = global.get(\"global_mssql_db\");  \nmsg.payload.global_mssql_usr = global.get(\"global_mssql_usr\");  \nmsg.payload.global_mssql_pass = global.get(\"global_mssql_pass\");  \n\nmsg.payload.global_vgwactplay_url = global.get(\"global_vgwactplay_url\");\nmsg.payload.global_watson_stt_url = global.get(\"global_watson_stt_url\");\nmsg.payload.global_watson_tts_url = global.get(\"global_watson_tts_url\");\nmsg.payload.global_vgw_optout = global.get(\"global_vgw_optout\");\nmsg.payload.global_stt_customization_id = global.get(\"global_stt_customization_id\");\nmsg.payload.global_tts_customization_id = global.get(\"global_tts_customization_id\");\nmsg.payload.global_cvp_api_url = global.get(\"global_cvp_api_url\");\nmsg.payload.global_customer_error_message = global.get(\"global_customer_error_message\");\n\nreturn msg;\n","outputs":1,"noerr":0,"x":290,"y":140,"wires":[[]]},{"id":"91d29992.bdd6a8","type":"comment","z":"c3da9514.dc35f","name":"Subflow - Check Global Variables","info":"","x":324,"y":66,"wires":[]},{"id":"ce7128b9.1c7ca8","type":"function","z":"a0a6fe05.08241","name":"Decrypt the String","func":"// Define Global Context from Here //\n\nvar CryptoJS = context.global.cryptojs;\nvar fs_read = context.global.fsfileread;\n\n// Define Global Context Upto Here //\n\n\nglobal_passwd_phrase_file = global.get(\"global_passwd_phrase_file\");\n\nvar password_phrase = fs_read.readFileSync(global_passwd_phrase_file, \"UTF8\");  \n\nvar encrypted_passwd   = msg.payload;\n\nvar decrypted = CryptoJS.AES.decrypt(encrypted_passwd, password_phrase);\n\nmsg.payload = decrypted.toString(CryptoJS.enc.Utf8);\n\n\nreturn msg;\n\n\n\n\n\n\n","outputs":1,"noerr":0,"x":413,"y":162,"wires":[[]]},{"id":"41743f39.1db94","type":"debug","z":"22409fba.2e272","name":"","active":true,"console":"false","complete":"true","x":350,"y":560,"wires":[]},{"id":"ed49971d.78b048","type":"read-line","z":"22409fba.2e272","name":"Read one line from \"environment_file\"","topic":"","file":"","offset":0,"limit":0,"x":202,"y":346,"wires":[["231be80.8ede918"],["2a979759.66f528"]]},{"id":"231be80.8ede918","type":"function","z":"22409fba.2e272","name":"Receive String to Decrypt ","func":"var m_string = msg.payload;\n\nif (m_string.lastIndexOf(\"|\") >= 0 ) {\nmsg.string = msg.payload.split(\"|\");\nmessage1  =msg.string[0].trim();\nmsg_flag  =msg.string[1].trim();\nmessage2  =msg.string[2].trim();\n} else {\n    \n    var message1 = \"\";\n    var msg_flag = \"N\";\n    var message2 = \" \";\n}\n\n//msg.payload ={};\nmsg.topic = message1;\nmsg.payload = message2;\nmsg.flag = msg_flag;\nmsg.m_value = message2;\n\nreturn msg;","outputs":1,"noerr":0,"x":577,"y":340,"wires":[["dd1b55ed.56b338"]]},{"id":"dd1b55ed.56b338","type":"switch","z":"22409fba.2e272","name":"Check if encrypted","property":"flag","propertyType":"msg","rules":[{"t":"eq","v":"Y","vt":"str"},{"t":"else"}],"checkall":"true","outputs":2,"x":565,"y":429,"wires":[["ce5c3291.f5445"],["a833f9af.2bdf58"]]},{"id":"5f58bc8a.006a64","type":"switch","z":"22409fba.2e272","name":"Check Count","property":"env_count","propertyType":"msg","rules":[{"t":"eq","v":"1","vt":"str"},{"t":"else"}],"checkall":"true","outputs":2,"x":605,"y":261,"wires":[["16767865.769588"],[]]},{"id":"ce5c3291.f5445","type":"subflow:a0a6fe05.08241","z":"22409fba.2e272","name":"","x":824.9999465942383,"y":404.99995136260986,"wires":[["a833f9af.2bdf58"]]},{"id":"a833f9af.2bdf58","type":"function","z":"22409fba.2e272","name":"Receive Decrypted String and Define Global Variable","func":"//msg.string = msg.payload.split(\":\");\n//message1  =msg.string[0].trim();\n//message2  =msg.string[1].trim();\n\nmessage1  =msg.topic; \nmessage2  =msg.payload;\nmsg_flag  =msg.flag;\n\n\n\nnode.log(\"NAK2- message1 : =>\"+ message1);\nnode.log(\"NAK2-Decrypted message2 : =>\"+ message2);\n\n\nif (message1==\"conversation_workspace\"){\n    global.set(\"global_conv_wks\",message2);\n}\nif (message1==\"conversation_username\"){\n    global.set(\"global_conv_usr\",message2);\n}\nif (message1==\"conversation_password\"){\n    global.set(\"global_conv_pass\",message2);\n}\nif (message1==\"stt_username\"){\n    global.set(\"global_stt_usr\",message2);\n}\nif (message1==\"stt_password\"){\n    global.set(\"global_stt_pass\",message2);\n}\n\nif (message1==\"tts_username\"){\n    global.set(\"global_tts_usr\",message2);\n}\nif (message1==\"tts_password\"){\n    global.set(\"global_tts_pass\",message2);\n}\nif (message1==\"mf_ivrh_url\"){\n    global.set(\"global_mf_ivrh_url\",message2);\n}\nif (message1==\"mf_ivth_url\"){\n    global.set(\"global_mf_ivth_url\",message2);\n}\nif (message1==\"HUSERID\"){\n    global.set(\"global_HUSERID\",message2);\n}\nif (message1==\"mssql_server\"){\n    global.set(\"global_mssql_server\",message2);\n}\nif (message1==\"mssql_server_port\"){\n    global.set(\"global_mssql_server_port\",message2);\n}\nif (message1==\"mssql_server_database\"){\n    global.set(\"global_mssql_db\",message2);\n}\nif (message1==\"mssql_server_username\"){\n    global.set(\"global_mssql_usr\",message2);\n}\nif (message1==\"mssql_user_password\"){\n    global.set(\"global_mssql_pass\",message2);\n}\nif (message1==\"vgwActPlayUrl\"){\n    global.set(\"global_vgwactplay_url\",message2);\n}\nif (message1==\"watson_stt_api\"){\n    global.set(\"global_watson_stt_url\",message2);\n}\nif (message1==\"watson_tts_api\"){\n    global.set(\"global_watson_tts_url\",message2);\n}\nif (message1==\"vgw_optout\"){\n    global.set(\"global_vgw_optout\",message2);\n}\nif (message1==\"stt_customization_id\"){\n    global.set(\"global_stt_customization_id\",message2);\n}\nif (message1==\"tts_customization_id\"){\n    global.set(\"global_tts_customization_id\",message2);\n}\nif (message1==\"cvp_api_url\"){\n    global.set(\"global_cvp_api_url\",message2);\n}\nif (message1==\"customer_error_message\"){\n    global.set(\"global_customer_error_message\",message2);\n}\nreturn [msg] \n\n","outputs":1,"noerr":0,"x":649,"y":530,"wires":[[]]},{"id":"89e4b2cc.bc0bf","type":"function","z":"22409fba.2e272","name":"Check the Count to Exectute the subflow only once per run","func":"// initialise the counter to 0 if it doesn't exist already\nvar env_count = context.get('env_count')||0;\nenv_count += 1;\n// store the value back\ncontext.set('env_count',env_count);\n// make it part of the outgoing msg object\nmsg.env_count = env_count;\nreturn msg;\n","outputs":"1","noerr":0,"x":251,"y":261,"wires":[["5f58bc8a.006a64"]]},{"id":"ea6b0578.3ea1e8","type":"debug","z":"22409fba.2e272","name":"","active":true,"console":"false","complete":"false","x":957,"y":536,"wires":[]},{"id":"ca4b22a2.504d6","type":"debug","z":"22409fba.2e272","name":"Check Count","active":true,"console":"false","complete":"true","x":601,"y":195,"wires":[]},{"id":"9e8ac402.873948","type":"comment","z":"22409fba.2e272","name":"Readme First - Prior to Using this Subflow","info":"/************************************************/\n/** Added by Nitin Kulkarni                    **/\n/** IBM GBS                                    **/\n/** Date: 08/12/2017                           **/\n/** Modification History Add below             **/\n/**                                            **/\n/************************************************/\n\n==================================================\n============= IMPORTANT Note: ====================  \n  Please Remove Debug Nodes from this flow\n            prior to deployment\n==================================================\n==================================================\n\nIntro:\n------\n\nThis Subflow gets executed only once during the run.\n\nThe flow will read environment file and \npassword phrase file from the host and will \ndecrypt the strings kept in environment variable file. \nThe flow will also define following global variables \nfor the session. \n\nNote for making update to environment file:\n===========================================\n\nIf new rows are added to environemnt file \nthen remember to update the Node \n\"Receive Decrypted String and Define Global Variable\" to \ndefine addtional global variables.\n\n\nList of Global Variables:\n=========================\n\nglobal_conv_wks  ==> Conversation Workspace\nglobal_conv_usr  ==> Conversation User Name\nglobal_conv_pass ==> Conversation Password \n\n\nNode for the Deployment:\n========================\n\nCurrent Environment file name is: \nvar m_env_file      = 'SOE_environement_file_DEV';\n\nEnviornment File Name needs to be updted in the\nNode : \"Store Global File Path\".\n\n\nOther Variables are file path variables; \nthese path must be mapped to corresponding \nfolders on the host.\n\nvar m_base_key_path = \"/usr/src/node-red/keyfiles/\";\nvar m_base_log_path = \"/usr/src/node-red/logs/\";\n\n\n\nStructure of Environment Variable file\"\n=======================================\n\nconversation_workspace |<encryption flag Y or N> | <encrypted string>\nconversation_username  |<encryption flag Y or N> | <encrypted string>\nconversation_password  |<encryption flag Y or N> | <encrypted string>\n\n\n\n","x":371,"y":131,"wires":[]},{"id":"16767865.769588","type":"subflow:c3da9514.dc35f","z":"22409fba.2e272","name":"","x":884,"y":199,"wires":[["70003837.5fea6"]]},{"id":"70003837.5fea6","type":"debug","z":"22409fba.2e272","name":"","active":true,"console":"false","complete":"true","x":1010,"y":300,"wires":[]},{"id":"2a979759.66f528","type":"subflow:c3da9514.dc35f","z":"22409fba.2e272","name":"","x":160,"y":500,"wires":[["41743f39.1db94"]]},{"id":"cbb60a27.70c5e","type":"comment","z":"22409fba.2e272","name":"Subflow: Decrypt/Set Global Variables","info":"","x":451,"y":76,"wires":[]},{"id":"b03825f2.7636a8","type":"comment","z":"432885a0.d63e5c","name":"Readme First - Prior to Using this Subflow","info":"/************************************************/\n/** Added by Nitin Kulkarni                    **/\n/** IBM GBS                                    **/\n/** Date: 08/12/2017                           **/\n/** Modification History Add below             **/\n/**                                            **/\n/************************************************/\n\n==================================================\n============= IMPORTANT Note: ====================  \n  Please Remove Debug Nodes from this flow\n            prior to deployment\n==================================================\n==================================================\n\nIntro:\n------\n\nThis Subflow gets executed only once during the run.\n\nThe flow will read environment file and \npassword phrase file from the host and will \ndecrypt the strings kept in environment variable file. \nThe flow will also define following global variables \nfor the session. \n\nNote for making update to environment file:\n===========================================\n\nIf new rows are added to environemnt file \nthen remember to update the Node \n\"Receive Decrypted String and Define Global Variable\" to \ndefine addtional global variables.\n\n\nList of Global Variables:\n=========================\n\nglobal_conv_wks  ==> Conversation Workspace\nglobal_conv_usr  ==> Conversation User Name\nglobal_conv_pass ==> Conversation Password \n\n\nNode for the Deployment:\n========================\n\nCurrent Environment file name is: \nvar m_env_file      = 'SOE_environement_file_DEV';\n\nEnviornment File Name needs to be updted in the\nNode : \"Store Global File Path\".\n\n\nOther Variables are file path variables; \nthese path must be mapped to corresponding \nfolders on the host.\n\nvar m_base_key_path = \"/usr/src/node-red/keyfiles/\";\nvar m_base_log_path = \"/usr/src/node-red/logs/\";\n\n\n\nStructure of Environment Variable file\"\n=======================================\n\nconversation_workspace : <encrypted string>\nconversation_username  : <encrypted string>\nconversation_password  : <encrypted string>\n\n\n\n","x":380,"y":40,"wires":[]},{"id":"952b1f96.d583c","type":"subflow:22409fba.2e272","z":"432885a0.d63e5c","name":"","x":603,"y":206,"wires":[["4dab7bc3.925624"]]},{"id":"1812f4b1.88b653","type":"subflow:e47835fe.d52fc8","z":"432885a0.d63e5c","name":"","x":255,"y":208,"wires":[["952b1f96.d583c"]]},{"id":"723efc5.54b8b04","type":"comment","z":"432885a0.d63e5c","name":"Subflow: Docker Read Env file and Decrypt","info":"","x":412,"y":98,"wires":[]},{"id":"850a36cb.05bbf8","type":"function","z":"fedab7e0.a492b8","name":"Get Required Context from Files","func":"// Define Global Context from Here //\n\nvar CryptoJS = context.global.cryptojs;\nvar fs_read = context.global.fsfileread;\n\n// Define Global Context Upto Here //\n\n\nglobal_passwd_phrase_file = global.get(\"global_passwd_phrase_file\");\nvar password_phrase = fs_read.readFileSync(global_passwd_phrase_file, \"UTF8\");  \n\nvar string   = msg.payload;\nvar encrypted = CryptoJS.AES.encrypt(string, password_phrase);\nnode.log(\"NAK Encrypted : \"+ encrypted);\nmsg.payload = encrypted.toString();\n\nreturn msg;\n\n\n\n\n\n\n","outputs":1,"noerr":0,"x":285,"y":130,"wires":[[]]},{"id":"c07221d4.e3a99","type":"function","z":"432885a0.d63e5c","name":"set msg.payload","func":"\nvar m_curr_msg_hold = msg.payload; \nmsg.m_curr_hold = m_curr_msg_hold;\nreturn msg;","outputs":1,"noerr":0,"x":241,"y":139,"wires":[["1812f4b1.88b653"]]},{"id":"4dab7bc3.925624","type":"function","z":"432885a0.d63e5c","name":"Restore MSG","func":"//Restore MSG\n\n\nvar m_curr_msg_hold = msg.m_curr_hold; \nmsg.payload = m_curr_msg_hold;\nreturn msg;\n","outputs":1,"noerr":0,"x":637,"y":305,"wires":[[]]},{"id":"da8b2470.412f98","type":"debug","z":"432885a0.d63e5c","name":"check-hold-store","active":true,"console":"false","complete":"true","x":527,"y":145,"wires":[]},{"id":"63349c60.454c14","type":"function","z":"e138d138.dc358","name":"Execute SQL","func":"var sql = context.global.mssql;\n\n//msg.payload = {};\n\nvar m_server =  global.get(\"global_mssql_server\");  \nvar m_server_port =  global.get(\"global_mssql_server_port\"); \n\nvar m_database = global.get(\"global_mssql_db\");  \nvar m_mssql_user =  global.get(\"global_mssql_usr\");  \nvar m_mssql_passwd = global.get(\"global_mssql_pass\"); \n// Query Parameters \n\nvar m_sqlqry = msg.getsession.sqlsection.sqlquery;\n\n\nconst config = {\n    user: m_mssql_user,\n    password: m_mssql_passwd,\n    server: m_server,         \n    database: m_database,     \n    trustedconnection: 'No',\n    //domain: 'CORP',   //necessary for windows auth\n    port: m_server_port\n};\nsql.close();\nsql.connect(config).then(pool => {\n    // Query\n    \n    return pool.request()\n\n    // Passing Paramters \n//    .input('input_table_schema', sql.VarChar, m_param1)\n//    .input('input_table_name', sql.VarChar, m_param2)\n    .query(m_sqlqry);  \n\n    //.query(\"INSERT INTO [Watson].[VARegionsSession] ([convoUser],[convoTS],[convoSource],[convoPayload]) VALUES('\"+m_mssql_user+\"',CURRENT_TIMESTAMP,'udwasoeapp01 node-red','this is a test')\");\n\n}).then(result => {\n\n    //** Pass Result to Next node in the flow **/\n\n    //console.dir(result);\n    //node.error(\"NAK Result\");\n    msg.getsession.sqlsection.qry_result = result;\n    node.send(msg);\n\n}).catch(err => {\n    // ... error checks\n    node.error(\"ERR check\");\n    node.error(err);\n})\n\nsql.on('error', err => {\n    // ... error handler\n    node.error(\"SQL Error\");\n    node.error(err);\n})\n\n//return msg;","outputs":1,"noerr":0,"x":295.01422119140625,"y":174.0056915283203,"wires":[[]]},{"id":"fa2f7a7b.27f5f8","type":"debug","z":"2b55c82b.6ae508","name":"Display String to Encrypt","active":true,"console":"true","complete":"payload","x":630,"y":262,"wires":[]},{"id":"c8beb447.6fee78","type":"debug","z":"2b55c82b.6ae508","name":"Display Decrypted String (Revalidation)","active":true,"console":"false","complete":"payload","x":989,"y":498,"wires":[]},{"id":"836a2891.089208","type":"debug","z":"88cc4fbf.7b8f","name":"","active":true,"console":"false","complete":"true","x":823,"y":1363.999704360962,"wires":[]},{"id":"2165e350.281bfc","type":"http request","z":"88cc4fbf.7b8f","name":"Submit Update (Post) to MF API-\"","method":"use","ret":"obj","url":"","tls":"","x":667,"y":1419.999755859375,"wires":[["836a2891.089208"]]},{"id":"aa9a0997.a076e8","type":"function","z":"88cc4fbf.7b8f","name":"Set Variables for HTTP Request","func":"/*** Define Variables for the Request; these should be received from VGW ***/\n\nvar m_transaction = \"IVRH\";\nvar m_userid = \"SVCWCS01\";\nvar m_appl = \"DA\";\nvar m_bank = \"053\";\nvar m_account = 1122334455;\nvar m_fee_code = \"01\";\nvar m_assess_date = 20170525;\nvar m_assess_amt  = 36;\nvar m_refund_amt = 0;\nvar m_first_free = \"Y\";\nvar m_huserid = global.get(\"global_HUSERID\");\nvar m_url = global.get(\"global_mf_ivrh_url\");\n\n// Authorization Token to be taken from Enviornment File //\nvar m_REST_authorization_token;     \n\n\nmsg.headers={};\nmsg.headers={\"Content-Type\":\"application/json\",\n             \"Accept\" : \"application/json\",\n             \"HUSERID\": \"m_huserid\"\n//             \"Authorization\" : m_authorization_token\n};\nmsg.url = m_url;  // ** \"https://devl:16180/iv/IVRH\";\nmsg.method = \"post\";\n\nmsg.payload={};\nmsg.payload={\n\"IVRHJSI\": {\n    \"ivrhrequest\": {\n      \"transaction\": m_transaction,\n      \"userid\": m_userid,\n      \"appl\": m_appl,\n      \"bank\": m_bank,\n      \"account\": m_account,\n      \"fee\": {\n        \"fee_code\": m_fee_code,\n        \"assess_date\": m_assess_date,\n        \"assess_amt\": m_assess_amt\n      },\n      \"refund\": {\n        \"refund_amt\": m_refund_amt,\n        \"first_free\": m_first_free\n      }\n    }\n  }\n}\nreturn msg;","outputs":1,"noerr":0,"x":352,"y":1419.999755859375,"wires":[["2165e350.281bfc","913da9a7.24e5a8"]]},{"id":"913da9a7.24e5a8","type":"debug","z":"88cc4fbf.7b8f","name":"","active":true,"console":"false","complete":"true","x":577,"y":1359.999755859375,"wires":[]},{"id":"faf3c634.135da8","type":"inject","z":"88cc4fbf.7b8f","name":"","topic":"","payload":"","payloadType":"date","repeat":"","crontab":"","once":false,"x":132,"y":1419.999755859375,"wires":[["aa9a0997.a076e8"]]},{"id":"765f382.241f3c8","type":"debug","z":"88cc4fbf.7b8f","name":"Traslated Value","active":true,"console":"false","complete":"payload","x":844.0000305175781,"y":1724.999755859375,"wires":[]},{"id":"560b1765.9e4508","type":"http request","z":"88cc4fbf.7b8f","name":"Translate (Post)","method":"use","ret":"obj","url":"","tls":"","x":622.0000305175781,"y":1726.249755859375,"wires":[["765f382.241f3c8"]]},{"id":"b23b5a.16a624a8","type":"function","z":"88cc4fbf.7b8f","name":"Translation REST Service -Test-2","func":"var m_string = msg.payload;\nmsg.headers={};\nmsg.headers={\"Content-Type\":\"application/json\",\n            \"Accept\":\"application/json\",\n            \"Authorization\" : \"Basic OWQ5ODY4YjYtYWIzZC00MmViLTkyNjMtNjdhNGNiM2E5MWUwOjB3Z09reVBVNkhKcQ==\"            \n            };\nmsg.url = \"https://gateway.watsonplatform.net/language-translator/api/v2/translate\";\nmsg.method = \"post\";\n\nmsg.payload ={};\nmsg.payload = {\"model_id\":\"en-es\",\"text\":m_string};\n\nreturn msg;\n\n","outputs":1,"noerr":0,"x":363.0000305175781,"y":1725.249755859375,"wires":[["a7bd9410.33da48","560b1765.9e4508"]]},{"id":"a7bd9410.33da48","type":"debug","z":"88cc4fbf.7b8f","name":"Submitted Request","active":true,"console":"false","complete":"true","x":630.0000305175781,"y":1676.999755859375,"wires":[]},{"id":"de4d1f70.2f536","type":"inject","z":"88cc4fbf.7b8f","name":"Provide String to Translate in Payload","topic":"","payload":"Hello How are you?","payloadType":"str","repeat":"","crontab":"","once":false,"x":230.00003051757812,"y":1684.999755859375,"wires":[["b23b5a.16a624a8"]]},{"id":"d1f2f04f.db374","type":"function","z":"88cc4fbf.7b8f","name":"Watson Response Msg","func":"var texts = msg.payload.output.text\n//var texts = Myresponse.split(\"\\\",\\\"\");\nfor (i = 0; i < texts.length; i++) {\n     var instring = texts[i];\n     if (instring.includes(\"my name is \")||instring.includes(\"my name's \")||instring.includes(\"I name is \"))\n     {\n    if (instring.includes(\"my name is \"))instring = instring.replace(\"my name is \",\"\");\n    if (instring.includes(\"my name's \"))instring = instring.replace(\"my name's \",\"\");\n    if (instring.includes(\"I name is\"))instring = instring.replace(\"I name is \",\"\");\n    node.warn(\"before parse msg is \"+instring);\n    msg.payload.output.text[i] = instring;\n    }\n}\nif (typeof msg.payload.context.cgwTextAlternatives !== \"undefined\"){\nnode.log(\"The Message Payload Input Text in SIP Flow is \"+msg.payload.input.text);\nnode.log(\"The msg.payload.context.cgwTextAlternatives.transcript value is \"+msg.payload.context.cgwTextAlternatives.transcript+\" and it's confidence value is \"+msg.payload.context.cgwTextAlternatives.confidence)\nnode.error(\"The Message Payload Input Text in SIP Flow is \"+msg.payload.input.text);\nnode.error(\"The msg.payload.context.cgwTextAlternatives.transcript value is \"+msg.payload.context.cgwTextAlternatives.transcript+\" and it's confidence value is \"+msg.payload.context.cgwTextAlternatives.confidence)\n}\nvar Watson_msg = JSON.stringify(msg.payload.output.text);\nvar Mymsg = Watson_msg.substring(2,Watson_msg.length-2);\nnode.log(\"start with \" + Mymsg);\nnode.error(\"start with message buttons\" + Mymsg);\n//Found an array of outputs\n\n\n\nif (Mymsg.lastIndexOf(\"[\") >= 0 ) {\n     findindex = Mymsg.lastIndexOf(\"[\")\n     msg.payload.output.text = [Mymsg.substring(0,findindex-1)]\n     node.log(\"Found a buttons at index: \" + findindex)\n     node.log(msg.payload.output.text)\n} \nif (Mymsg.lastIndexOf(\"InsMap\") >= 0 ) {\n     findindex = Mymsg.lastIndexOf(\"InsMap\")\n     msg.payload.output.text = '[\"' + Mymsg.substring(0,findindex-1) + '\"]'\n     node.log(\"Found a maps at index: \"+ findindex)\n     node.log(msg.payload.output.text)\n} \nnode.error(\"end with message buttons\" + Mymsg);\n//var globalContext = this.context();\n//var CallerName = payload.context.CallerName;\n\n//** Added by Nitin K **//\n\nvar m_stt_usr = global.get(\"global_stt_usr\");\nvar m_stt_pass = global.get(\"global_stt_pass\");\nvar m_tts_usr = global.get(\"global_tts_usr\");\nvar m_tts_pass = global.get(\"global_tts_pass\");\nvar m_vgw_actplay_url = global.get(\"global_vgwactplay_url\");\nvar m_watson_stt_url = global.get(\"global_watson_stt_url\");\nvar m_watson_tts_url = global.get(\"global_watson_tts_url\");\nvar m_vgw_optout = global.get(\"global_vgw_optout\");\nvar m_stt_customization_id = global.get(\"global_stt_customization_id\");\nvar m_tts_customization_id = global.get(\"global_tts_customization_id\");\n\n\nm_output_text =    msg.payload.output.text;\n\nvar m_output = {};\nm_output = [{\n//    \"text\": m_output_text,\n//    \"vgwActionSequence\": [\n//      {\n//      \"command\": \"vgwActPlayUrl\",\n//      \"parameters\": {\n//        \"url\": m_vgw_actplay_url,\n//        \"playURLInLoop\": \"Yes\"      \n//         }\n//      },\n//      {\n      \"command\": \"vgwActSetSTTConfig\",\n      \"parameters\": {\n              \"credentials\": {\n                \"url\": m_watson_stt_url,\n                \"username\": m_stt_usr,\n                \"password\": m_stt_pass\n              },\n              \"config\": {\n                  \"x-watson-learning-opt-out\": m_vgw_optout,\n                  \"model\": \"en-US_NarrowbandModel\",\n                  \"profanity_filter\": true,\n                  \"customization_id\": m_stt_customization_id,\n//                  \"customization_weight\":0.3,\n                  \"firmup_silence_time\":1,\n                  \"max_alternatives\":6,\n                  \"smart_formatting\": true\n              }\n          }\n        },\n        {\n        \"command\": \"vgwActSetTTSConfig\",\n        \"parameters\": {\n              \"credentials\": {\n                \"url\":  m_watson_tts_url,\n                \"username\": m_tts_usr,\n                \"password\": m_tts_pass\n              },\n              \"config\": {\n                  \"x-watson-learning-opt-out\": m_vgw_optout,\n                  \"customization_id\": m_tts_customization_id,                  \n                  \"voice\": \"es-ES_LauraVoice\"\n              },\n              \"jitterBufferDelay\": 200,\n              \"cacheTimeToLive\": 336\n            }\n        }\n    ]\n//}\nmsg.payload.context.vgwActionSequence = m_output;\n//** Added upto Here **//\nmsg.payload.context[\"cgwPostResponseTimeoutCount\"] = \"60000\";\n\n\nvar teststring = \" \";\nif (typeof msg.payload.context.Name !== \"undefined\"){\n    var instring = msg.payload.context.Name;\n    if (instring.includes(\"my name is \")||instring.includes(\"my name's \")){\n    if (instring.includes(\"my name is \"))instring = instring.replace(\"my name is \",\"\");\n    if (instring.includes(\"my name's \"))instring = instring.replace(\"my name's \",\"\");\n    msg.payload.context.Name= instring;\n    node.warn(\"Reset msg.payload.context.Name to \"+instring);\n    }\n   global.set(\"Name\",msg.payload.context.Name)\n}\n    else\n    {\n      global.set(\"Name\",\"genericName\");  \n      msg.payload.context.CallerName = global.get(\"Name\");\n}\n/**\nif (typeof msg.payload.context.Phone !== \"undefined\"){\n   global.set(\"Phone\",msg.payload.context.Phone)\n}\nif (typeof msg.payload.context.DOB !== \"undefined\"){\n   global.set(\"DOB\",msg.payload.context.DOB)\n}\nif (typeof msg.payload.context.Last4Social !== \"undefined\"){\n   global.set(\"Last4Social\",msg.payload.context.Last4Social)\n}\n  if (typeof msg.payload.context.Service_Type !== \"undefined\"){\n   global.set(\"Service_Type\",msg.payload.context.Service_Type)\n    }  \n    if (typeof msg.payload.context.Role !== \"undefined\"){\n   global.set(\"Role\",msg.payload.context.Role)\n    }  \nif (typeof msg.payload.context.First_Name !== \"undefined\"){\n   global.set(\"First_Name\",msg.payload.context.First_Name)\n    } \n    if (typeof msg.payload.context.Last_Name !== \"undefined\"){\n   global.set(\"Last_Name\",msg.payload.context.Last_Name)\n    } \n    if (typeof msg.payload.context.State !== \"undefined\"){\n   global.set(\"State\",msg.payload.context.State)\n    }\n    if (typeof msg.payload.context.Zip !== \"undefined\"){\n   global.set(\"Zip\",msg.payload.context.Zip)\n    }\n\n    if (typeof msg.payload.context.Fax_No !== \"undefined\"){\n   global.set(\"Fax_No\",msg.payload.context.Fax_No)\n    }\n    if (typeof msg.payload.context.FaxName !== \"undefined\"){\n   global.set(\"FaxName\",msg.payload.context.FaxName)\n    }\n//    if (typeof msg.payload.intents[0].intent !== \"undefined\"){\n//    global.set(\"CurrentIntent\",msg.payload.intents[0].intent);\n//    }\n    if (typeof msg.payload.context.cgwPostResponseTimeoutCount !== \"undefined\"){\n        global.set(\"60000\",msg.payload.context.cgwPostResponseTimeoutCount )\n    }\n    if (typeof msg.payload.context.EffectiveDate !== \"undefined\"){\n   global.set(\"EffectiveDate\",msg.payload.context.EffectiveDate)\n    }\n    if (typeof msg.payload.context.OperatorName !== \"undefined\"){\n   global.set(\"OperatorName\",msg.payload.context.OperatorName)\n    }\n**/\nnode.warn(\"message output text going to SIP is\"+msg.payload.output.text);\nreturn msg;","outputs":1,"noerr":0,"x":790.9999542236328,"y":451.9999556541443,"wires":[["528a3cf6.c670e4","b2562e43.a9c35"]]},{"id":"a79e4689.24bf18","type":"http response","z":"88cc4fbf.7b8f","name":"Http Response","x":1062,"y":571.0000166893005,"wires":[]},{"id":"528a3cf6.c670e4","type":"debug","z":"88cc4fbf.7b8f","name":"After Watson Response Msg","active":true,"console":"false","complete":"true","x":1050.999984741211,"y":427.9999575614929,"wires":[]},{"id":"3345eb3a.e28034","type":"watson-conversation-v1","z":"88cc4fbf.7b8f","name":"RegionsConversation2","workspaceid":"","multiuser":true,"context":true,"default-endpoint":true,"service-endpoint":"","x":790.0000076293945,"y":390.00002241134644,"wires":[["d1f2f04f.db374","267e8130.ccb11e"]]},{"id":"66350d51.0a4e64","type":"function","z":"88cc4fbf.7b8f","name":"Set Params for Conversation","func":"\n//  Sip gateway is controlling wcs context and workspace\n//if (msg.payload.text==\"hello\")\n//    var input = msg.payload.text;\n//else\n\n//***** Added by Nitin K to retrive Global Variables ****//\n\nvar global_conv_wks = global.get(\"global_conv_wks\");\nvar global_conv_usr = global.get(\"global_conv_usr\");\nvar global_conv_pass = global.get(\"global_conv_pass\");\n\n\n//******Added by Nitin K upto Here ****/\nvar input = msg.payload.input.text;\n\n\nvar temLen = input.length;\nif (input.charAt(temLen-1)==\" \")input = input.substring(0,temLen-1);\n\n//var fname = \"Jane\"; \nif (input === '' ) {\n    input = \"Hello\"\n}\nif (input == \"vgwHangUp\" ) {\n    input = \"goodbye from SIP hang\"\n} \n\nif (input == \"vgwPostResponseTimeout\" ) {\n    input = \"silence\"\n} \nif (input == \"cgwHangUp\" ) {\n    input = \"goodbye from SIP old\"\n} \n\nif (input == \"cgwPostResponseTimeout\" ) {\n    input = \"quiet\"\n} \n/*\nnode.error(\"Message Payload string in SIP \"+JSON.stringify(msg.payload));\nif (typeof msg.payload.context.SOE_COMMAND !== \"undefined\"){\n node.error(\"in SOE_COMMAND regex block\");\n   var cur_command = msg.payload.context.SOE_COMMAND;\n   node.error(\"current command is \"+cur_command);\n   if (cur_command == \"Check_SSN\"){\n       node.error(\"in check block\");\n       var curText = JSON.stringify(msg.payload.input.text);\n       global.set(\"curText\",curText);\n       node.error(\"current text is\"+curText);\n       var doesMatch = curText.match(\"^\\\\d{4}$\");\n       node.error(\"doesMatch is\"+doesMatch);\n       if (doesMatch !== null){\n           node.error(\"SSN matched\");\n           msg.payload.context.SSN_Valid = \"Yes\"\n       }\n       else \n       {\n           node.error(\"SSN didn't match\");\n           msg.payload.context.SSN_Valid =\"NO\"\n       }\n   }\n   node.error(\"SOE COMMAND RESET\");\n   msg.payload.context.SOE_COMMAND = \"RESET\";\n}\n*/\nif (typeof msg.payload.context.cgwSessionID !== \"undefined\"){\n   global.set(\"SIPGateway\",\"Yes\");\n    } else {\n      global.set(\"SIPGateway\",\"NO\");\n    }\nvar times_wating;\nif ((msg.payload.context.SIPGateway == \"Yes\") && (msg.payload.input.text != \"cgwPostResponseTimeout\")){\n   times_waiting = times_wating+1;\n    } else {\n      times_waiting =0;\n    }\n    \nif (times_waiting == 4) {\n    global.set(\"Yes\",msg.payload.context.MaxedTime);\n    times_waiting = 0;\n}\n/*\nif ((msg.payload.context.SIPGateway == \"Yes\") && (msg.payload.input.text == \"cgwPostResponseTimeout\"))\n    times_waiting++;\n}\nif ((msg.payload.context.SIPGateway == \"Yes\") &&(typeof.msg.payload.context.MaxedTime !== \"undefined\") && (times_waiting == 4))\n{\n    global.set(\"Yes\",msg.payload.context.MaxedTime),\n    times_waiting = 0;\n}\n*/\n\nvar test  = JSON.stringify(msg.payload.context);\n\n//if (test.length > 5) \n  var context = msg.payload.context;\n  //context.CallerName = \"\";\n //adding outbound data from iphone contact\n    //context.fname = fname\n    //context.fname = \"Jane\";\n//  context.lname = lname\n//  context.nname = nname\n//  context.email = email\n//  context.phone = phone\n//}\n//else { \n//  var context = JSON.parse(\"{}\");}  \n\n\n\nvar params = {\n     context: context,\n    //** Added by Nitin K to assign Global Variables **//\n    workspace_id : global_conv_wks,\n    username : global_conv_usr,\n    password : global_conv_pass\n    //** Added by Nitin K upto Here **//\n //    workspace_id : workspace_id \n}\n\n\n\n//msg.payload.input.text = input;\n\nmsg.payload = input;\nmsg.workspace_id=global_conv_wks;\nmsg.params = params;\n//msg.user = \"SIP\";\nreturn msg;","outputs":1,"noerr":0,"x":335.99999237060547,"y":387.99999952316284,"wires":[["a80696a8.372338","bb5d5bfd.f9c528"]]},{"id":"ffa685b2.4d47f8","type":"catch","z":"88cc4fbf.7b8f","name":"","scope":null,"x":611,"y":637.0000109672546,"wires":[["f8ad77d1.19d658"]]},{"id":"91824c14.0a1ca","type":"http in","z":"88cc4fbf.7b8f","name":"SIPGateway","url":"/SIPGateway/v1/workspaces/321e996d-efee-42a0-8aed-3dc93006a026/message","method":"post","upload":false,"swaggerDoc":"","x":75,"y":431.00001764297485,"wires":[["347a6e0.9209592","94d4e582.a43098"]]},{"id":"347a6e0.9209592","type":"debug","z":"88cc4fbf.7b8f","name":"Intial MSG","active":true,"console":"false","complete":"true","x":264,"y":621.0000166893005,"wires":[]},{"id":"75e08971.e58858","type":"comment","z":"88cc4fbf.7b8f","name":"Translation REST Service -Test-2 - using Auth Token - Translate String from English to Spanish","info":"Purpose of the Test is to invoke Watson Translation \nREST API using Function Node and HTTP Node.\n\nIn this Test, URL and Authentication Token are passed from \nFunction Node to HTTP Node. \n\n\nGenerating Authorization Token:\n-------------------------------\nAuthorization Header/Token is generated using Website\nhttp://www.blitter.se/utils/basic-authentication-header-generator/\n\nIt requires Watson Service User Name and Password.\n\n\"username\": \"9d9868b6-ab3d-42eb-9263-67a4cb3a91e0\",\n\"password\": \"0wgOkyPU6HJq\"\n\nEnd-Point:\nhttps://gateway.watsonplatform.net/language-translator/api/v2/translate","x":501.0000305175781,"y":1599.9996337890625,"wires":[]},{"id":"e33ad6fd.d7a408","type":"comment","z":"88cc4fbf.7b8f","name":"Need the nodred-contrib-mssql node installed via the palette","info":"","x":434.5,"y":2025,"wires":[]},{"id":"b42b1711.bad738","type":"comment","z":"88cc4fbf.7b8f","name":"Regions - Fee Rest Interfae - WIP","info":"","x":337,"y":1369.999755859375,"wires":[]},{"id":"2b642f19.6e946","type":"debug","z":"88cc4fbf.7b8f","name":"Traslated Value","active":true,"console":"false","complete":"payload","x":809.0000305175781,"y":1828.999755859375,"wires":[]},{"id":"f102bb53.bd0dd8","type":"http request","z":"88cc4fbf.7b8f","name":"Translate (Get)","method":"use","ret":"obj","url":"","tls":"","x":621.0000305175781,"y":1832.249755859375,"wires":[["2b642f19.6e946"]]},{"id":"e088e812.e0f788","type":"function","z":"88cc4fbf.7b8f","name":"Translation REST Service -Test-2","func":"var m_string = msg.payload;\nmsg.headers={};\nmsg.headers={\"Content-Type\":\"application/json\",\n            \"Accept\":\"application/json\",\n            \"Authorization\" : \"Basic OWQ5ODY4YjYtYWIzZC00MmViLTkyNjMtNjdhNGNiM2E5MWUwOjB3Z09reVBVNkhKcQ==\" \n            };\n            \nvar msg_param = \"?model_id=en-es&text=\"+m_string;\nmsg.url = \"https://gateway.watsonplatform.net/language-translator/api/v2/translate\"+ msg_param;\nmsg.method = \"GET\";\n\nreturn msg;\n\n","outputs":1,"noerr":0,"x":360.0000305175781,"y":1828.249755859375,"wires":[["affd1b83.3a6a68","f102bb53.bd0dd8"]]},{"id":"affd1b83.3a6a68","type":"debug","z":"88cc4fbf.7b8f","name":"Submitted Request","active":true,"console":"false","complete":"true","x":627.0000305175781,"y":1779.999755859375,"wires":[]},{"id":"32e58dc8.a7cbb2","type":"inject","z":"88cc4fbf.7b8f","name":"Provide String to Translate in Payload","topic":"","payload":"Hello How are you?","payloadType":"str","repeat":"","crontab":"","once":false,"x":230.00003051757812,"y":1784.999755859375,"wires":[["e088e812.e0f788"]]},{"id":"66a0c8c8.00a2f8","type":"function","z":"88cc4fbf.7b8f","name":"Request for the Data","func":"/*** Define Variables for the Request; these should be received from VGW ***/\n\nvar m_transaction = \"IVTH\";\n//var m_userid = \"SVCWCS01\";\nvar m_appl = \"DA\";\nvar m_bank = \"053\";\nvar m_account = 1122334455;\nvar m_fee_only = \"Y\";\nvar m_feecd_fr = \"01\";\n\nvar m_huserid = global.get(\"global_HUSERID\");\nvar m_url = global.get(\"global_mf_ivth_url\");\n\n// Authorization Token to be taken from Enviornment File //\nvar m_REST_authorization_token;     \n\n\nmsg.headers={};\nmsg.headers={\"Content-Type\":\"application/json\",\n             \"Accept\" : \"application/json\",\n             \"HUSERID\": m_huserid\n//             \"Authorization\" : m_authorization_token\n};\nmsg.url = m_url;  // ** \"https://devl:16180/iv/IVTH\";\nmsg.method = \"post\";\n\nmsg.payload={};\nmsg.payload={\n\"IVTHJSI\": {\n    \"ivthrequest\": {\n      \"transaction\": m_transaction,\n      \"userid\": m_huserid,\n      \"appl\": m_appl,\n      \"bank\": m_bank,\n      \"account\": m_account,\n      \"fee_only\" : m_fee_only,\n      \"feecd_fr\" : m_feecd_fr\n    }\n  }\n}\nreturn msg;","outputs":1,"noerr":0,"x":347,"y":1509.999755859375,"wires":[["91cf12c6.91115"]]},{"id":"91cf12c6.91115","type":"http request","z":"88cc4fbf.7b8f","name":"Reuest for the Data","method":"use","ret":"obj","url":"","tls":"","x":597,"y":1509.999755859375,"wires":[["97199374.f5992"]]},{"id":"9b0fd3e8.5bef4","type":"inject","z":"88cc4fbf.7b8f","name":"","topic":"","payload":"","payloadType":"date","repeat":"","crontab":"","once":false,"x":127,"y":1489.999755859375,"wires":[["66a0c8c8.00a2f8"]]},{"id":"97199374.f5992","type":"debug","z":"88cc4fbf.7b8f","name":"","active":true,"console":"false","complete":"false","x":798,"y":1506.999755859375,"wires":[]},{"id":"96722372.ddbf1","type":"subflow:432885a0.d63e5c","z":"88cc4fbf.7b8f","name":"","x":434.99998474121094,"y":97.99999618530273,"wires":[["7cb7604c.3be87"]]},{"id":"2e47e852.8e8cd8","type":"subflow:3da428e.f615fd8","z":"88cc4fbf.7b8f","name":"","x":316.99999237060547,"y":319.99999952316284,"wires":[["66350d51.0a4e64","72fb87d0.d7a7e8"]]},{"id":"a80696a8.372338","type":"function","z":"88cc4fbf.7b8f","name":"check for 1st fee case","func":"//sprint 2\n//msg.payload.context.firstfee=\"bypass\";\nmsg.params.context.firstfee;\nreturn msg;","outputs":1,"noerr":0,"x":320.00000381469727,"y":446.9999747276306,"wires":[["3bf1a484.c8d06c"]]},{"id":"3bf1a484.c8d06c","type":"switch","z":"88cc4fbf.7b8f","name":"","property":"params.context.firstfee","propertyType":"msg","rules":[{"t":"eq","v":"get","vt":"str"},{"t":"eq","v":"apply","vt":"str"},{"t":"eq","v":"bypass","vt":"str"},{"t":"else"}],"checkall":"true","outputs":4,"x":522,"y":479.00001668930054,"wires":[["81743fe6.7991"],["153b5cee.f29843"],["3345eb3a.e28034"],["3345eb3a.e28034"]]},{"id":"33bccd3e.816532","type":"function","z":"88cc4fbf.7b8f","name":"1st fee post process","func":"\nreturn msg;","outputs":1,"noerr":0,"x":1015.999963760376,"y":296.0000147819519,"wires":[["3345eb3a.e28034"]]},{"id":"81743fe6.7991","type":"subflow:e0c8b9aa.e027e","z":"88cc4fbf.7b8f","name":"","x":772.9999771118164,"y":281.00001668930054,"wires":[["33bccd3e.816532"]]},{"id":"153b5cee.f29843","type":"subflow:9d3f80a5.959428","z":"88cc4fbf.7b8f","name":"","x":774.9999980926514,"y":323.0000033378601,"wires":[["33bccd3e.816532"]]},{"id":"bf413bc.84017c8","type":"function","z":"88cc4fbf.7b8f","name":"Connect to MS-SQL Server","func":"var sql = context.global.mssql;\n//msg.payload = {};\n\nvar m_server =  global.get(\"global_mssql_server\");  \nvar m_server_port =  global.get(\"global_mssql_server_port\"); \n\nvar m_database = global.get(\"global_mssql_db\");  \nvar m_mssql_user =  global.get(\"global_mssql_usr\");  \nvar m_mssql_passwd = global.get(\"global_mssql_pass\"); \n// Query Parameters \nvar m_param1 =  'Watson';\nvar m_param2 =  'VARegionsLog';\n\n\nconst config = {\n    user: m_mssql_user,\n    password: m_mssql_passwd,\n    server: m_server,         //'WDWASOESQL01',\n    database: m_database,     //'WASOE_VA_SessionState',\n    trustedconnection: 'No',\n    //domain: 'CORP',   //necessary for windows auth\n    port: m_server_port\n};\nsql.close();\nsql.connect(config).then(pool => {\n    // Query\n    \n    return pool.request()\n    //.query('SELECT * FROM information_schema.tables'); \n    // Passing Paramters \n    .input('input_table_schema', sql.VarChar, m_param1)\n    .input('input_table_name', sql.VarChar, m_param2)\n    .query('SELECT * FROM information_schema.tables where TABLE_SCHEMA = @input_table_schema and TABLE_NAME = @input_table_name');  \n    //.query(\"INSERT INTO [Watson].[VARegionsSession] ([convoUser],[convoTS],[convoSource],[convoPayload]) VALUES('\"+m_mssql_user+\"',CURRENT_TIMESTAMP,'udwasoeapp01 node-red','this is a test')\");\n\n}).then(result => {\n\n    //** Pass Result to Next node in the flow **/\n\n    //console.dir(result);\n    //node.error(\"NAK Result\");\n    msg.payload  = result;\n    node.send(msg);\n\n}).catch(err => {\n    // ... error checks\n    node.error(\"ERR check\");\n    node.error(err);\n})\n\nsql.on('error', err => {\n    // ... error handler\n    node.error(\"SQL Error\");\n    node.error(err);\n})\n\n//return msg;","outputs":1,"noerr":0,"x":490,"y":2219,"wires":[["1d891042.1fd4"]]},{"id":"492b0f20.18ca3","type":"inject","z":"88cc4fbf.7b8f","name":"","topic":"","payload":"","payloadType":"date","repeat":"","crontab":"","once":false,"x":231,"y":2221,"wires":[["f9875bc9.e531f8"]]},{"id":"1d891042.1fd4","type":"debug","z":"88cc4fbf.7b8f","name":"","active":true,"console":"false","complete":"false","x":718,"y":2218,"wires":[]},{"id":"f9875bc9.e531f8","type":"subflow:432885a0.d63e5c","z":"88cc4fbf.7b8f","name":"","x":374,"y":2131,"wires":[["bf413bc.84017c8"]]},{"id":"1791d33a.72bc3d","type":"comment","z":"88cc4fbf.7b8f","name":"Connectivity Test- Connect to MS-SQL Server with Non-Standard Port","info":"","x":470,"y":2073,"wires":[]},{"id":"7cb7604c.3be87","type":"debug","z":"88cc4fbf.7b8f","name":"Docker Read","active":true,"console":"false","complete":"true","x":690,"y":98,"wires":[]},{"id":"bb5d5bfd.f9c528","type":"debug","z":"88cc4fbf.7b8f","name":"After set Params","active":false,"console":"false","complete":"true","x":550.0000343322754,"y":256.000009059906,"wires":[]},{"id":"267e8130.ccb11e","type":"debug","z":"88cc4fbf.7b8f","name":"Response from WCS","active":true,"console":"false","complete":"true","x":1031.999984741211,"y":363.00002431869507,"wires":[]},{"id":"72fb87d0.d7a7e8","type":"debug","z":"88cc4fbf.7b8f","name":"After Getsession","active":false,"console":"false","complete":"true","x":486.23575019836426,"y":207.04827880859375,"wires":[]},{"id":"3cf6a1dc.20597e","type":"debug","z":"88cc4fbf.7b8f","name":"","active":true,"console":"false","complete":"true","x":761.2187576293945,"y":1853.999755859375,"wires":[]},{"id":"af911750.e88ec8","type":"MSSQL-UCG","z":"88cc4fbf.7b8f","mssqlCN":"190f4118.40aebf","name":"Pass Param","query":"","outField":"payload","x":630.000057220459,"y":1918.056797027588,"wires":[["3cf6a1dc.20597e"]]},{"id":"5dae524.99189ac","type":"function","z":"88cc4fbf.7b8f","name":"Connect to MS-SQL Server","func":"//var sql = context.global.mssql;\nmsg.payload = {};\n\nconst config = {\n    user: m_mssql_user,\n    password: m_mssql_passwd,\n    server: m_server,         //'WDWASOESQL01',\n    database: m_database,     //'WASOE_VA_SessionState',\n    trustedconnection: 'No',\n    //domain: 'CORP',   //necessary for windows auth\n    port: m_server_port\n};\n\nvar m_server =  global.get(\"global_mssql_server\");  \nvar m_server_port =  global.get(\"global_mssql_server_port\"); \n\nvar m_database = global.get(\"global_mssql_db\");  \nvar m_mssql_user =  global.get(\"global_mssql_usr\");  \nvar m_mssql_passwd = global.get(\"global_mssql_pass\"); \n// Query Parameters \nvar m_param1 =  'Watson';\n//var m_param2 =  'VARegionsSession'; \nvar m_param2 =  'VARegionsLog';\nmsg.user = m_mssql_user;\nmsg.password = m_mssql_passwd;\nmsg.server=  m_server; //'WDWASOESQL01',\nmsg.database = m_database;      //'WASOE_VA_SessionState',\n//msg.trustedconnection=  'No';\nmsg.port= m_server_port;\nmsg.config = config;\nmsg.payload =\"SELECT  *  FROM watson.VARegionsLog\";\n\n\nreturn msg;\n\n\n\n\n\n","outputs":1,"noerr":0,"x":416.2187957763672,"y":1922.999843597412,"wires":[["af911750.e88ec8"]]},{"id":"45f828f.846a9d8","type":"inject","z":"88cc4fbf.7b8f","name":"","topic":"","payload":"","payloadType":"date","repeat":"","crontab":"","once":false,"x":162.00003051757812,"y":1879.3238430023193,"wires":[["5dae524.99189ac"]]},{"id":"c711f91c.f14228","type":"MSSQL-UCG","z":"3da428e.f615fd8","mssqlCN":"7886df16.fa8e58","name":"Pass Param","query":"","outField":"payload","x":421.0000305175781,"y":217.00568771362305,"wires":[["f76fe8aa.0c5e58","d7c2195f.5524f8"]]},{"id":"88d43b37.0e6a58","type":"function","z":"3da428e.f615fd8","name":"Connect to MS-SQL Server","func":"var m_server =  global.get(\"global_mssql_server\");  \nvar m_server_port =  global.get(\"global_mssql_server_port\"); \n\nvar m_database = global.get(\"global_mssql_db\");  \nvar m_mssql_user =  global.get(\"global_mssql_usr\");  \nvar m_mssql_passwd = global.get(\"global_mssql_pass\"); \n/** Set msg Properties **/\nmsg.user = m_mssql_user;\nmsg.password = m_mssql_passwd;\nmsg.server=  m_server;  \nmsg.database = m_database;      \n//msg.trustedconnection=  'No';\nmsg.port= m_server_port;\nm_curr_user = msg.getsession.session_user;\n\nm_user = \"'\"+m_curr_user+\"'\";    \nm_diff = \"DATEADD(MINUTE,-5,SYSDATETIME())\";\nm_qry = \"\";\nm_qry = m_qry + \"select a.convoTS, a.convoSource, a.convoPayload \";\nm_qry = m_qry + \" from Watson.VARegionsSession a \";\nm_qry = m_qry + \" where a.convoUser = \" +m_user;\nm_qry = m_qry + \"  and a.convoTS = (select max(b.ConvoTS) from \";\nm_qry = m_qry + \"                    Watson.VARegionsSession b \";\nm_qry = m_qry + \"                    where a.convoUser = b.convoUser \";\nm_qry = m_qry + \"                  ) \";\nm_qry = m_qry + \"  and a.convoTS >=  \"+m_diff;\n//m_qry = m_qry + \" )\"\nmsg.payload =m_qry;\n\n/** Save Query in msg object **/\n\nmsg.getsession.sqlsection.sqlquery = m_qry;\n\nreturn msg;\n\n\n\n\n\n","outputs":1,"noerr":0,"x":199.21875,"y":215.94874382019043,"wires":[["c711f91c.f14228"]]},{"id":"94d4e582.a43098","type":"function","z":"88cc4fbf.7b8f","name":"set msg.payload","func":"var calling_userID = \"SIP\";\nif (msg.payload.context.vgwSessionID!==undefined){\n    calling_userID = msg.payload.context.vgwSessionID.substring(5,16);\n}\nvar m_getsession = {};\nm_getsession = \n  {\n      \"sqlsection\" : {\n          sqlquery : \"\",\n          qry_result : \"\"\n      },\n    session_user : calling_userID\n  };\nmsg.getsession = m_getsession;\nmsg.m_curr_hold =  msg.payload;\nreturn msg;","outputs":1,"noerr":0,"x":120.01420593261719,"y":320.0056986808777,"wires":[["2e47e852.8e8cd8"]]},{"id":"806876af.c905b8","type":"inject","z":"88cc4fbf.7b8f","name":"","topic":"","payload":"","payloadType":"date","repeat":"","crontab":"","once":true,"x":184.79258728027344,"y":97.6136302947998,"wires":[["96722372.ddbf1"]]},{"id":"28175ac7.8dfc86","type":"function","z":"3da428e.f615fd8","name":"Restore MSG","func":"//Restore MSG\n\nmsg.payload = msg.m_curr_hold;\nreturn msg;\n","outputs":1,"noerr":0,"x":540.0141983032227,"y":149.0056858062744,"wires":[[]]},{"id":"d7c2195f.5524f8","type":"debug","z":"3da428e.f615fd8","name":"Get session SQL Return","active":true,"console":"false","complete":"true","x":342.2471046447754,"y":309.61645793914795,"wires":[]},{"id":"b2562e43.a9c35","type":"subflow:30457e8.8729482","z":"88cc4fbf.7b8f","name":"Write VASession and VASession Log","x":766.9233016967773,"y":544.00568151474,"wires":[["a79e4689.24bf18"]]},{"id":"8c472452.3df0b8","type":"comment","z":"88cc4fbf.7b8f","name":"This flow Gets Trigger only once when flow Starts","info":"","x":388.7812194824219,"y":32.909088134765625,"wires":[]},{"id":"9017d431.ff26f8","type":"comment","z":"88cc4fbf.7b8f","name":"Main SOE Flow","info":"","x":418.3778381347656,"y":161.0056915283203,"wires":[]},{"id":"c238110f.8a04f","type":"debug","z":"88cc4fbf.7b8f","name":"","active":true,"console":"false","complete":"true","x":639,"y":1096,"wires":[]},{"id":"8638b43d.07a048","type":"http request","z":"88cc4fbf.7b8f","name":"Post to Host","method":"use","ret":"obj","url":"","tls":"b28cf63.c575b08","x":539,"y":976,"wires":[["c238110f.8a04f"]]},{"id":"3b6ec2e5.8b5fb6","type":"function","z":"88cc4fbf.7b8f","name":"Request First Free Transactions","func":"/*** Define Variables for the Request; these should be received from VGW ***/\n\nvar m_transaction = \"IVTH\";\n\n//bgw hardcoded account\n//var m_appl = \"DA\";\n//var m_bank = \"053\";\n//var m_account = 1122334455;\n\n//bgw account from msg.payload from json\nvar m_appl = msg.payload.appl;\nvar m_bank = msg.payload.bank;\nvar m_account = msg.payload.account;\n\nvar m_fee_only = \"Y\";\nvar m_feecd_fr = \"01\";\n\nvar m_huserid = global.get(\"global_HUSERID\");\nvar m_url = global.get(\"global_mf_ivth_url\");\n\n// Authorization Token to be taken from Enviornment File //\nvar m_REST_authorization_token;     \n\n\nmsg.headers={};\nmsg.headers={\"Content-Type\":\"application/json\",\n             \"Accept\" : \"application/json\",\n             \"HUSERID\": m_huserid\n//             \"Authorization\" : m_authorization_token\n};\nmsg.url = m_url;  // ** \"https://devl:16180/iv/IVTH\";\nmsg.method = \"post\";\n\nmsg.payload={};\nmsg.payload={\n\"IVTHJSI\": {\n    \"ivthrequest\": {\n      \"transaction\": m_transaction,\n      \"userid\": m_huserid,\n      \"appl\": m_appl,\n      \"bank\": m_bank,\n      \"account\": m_account,\n      \"fee_only\" : m_fee_only,\n      \"feecd_fr\" : m_feecd_fr\n    }\n  }\n}\nreturn msg;","outputs":1,"noerr":0,"x":299,"y":976,"wires":[["8638b43d.07a048"]]},{"id":"d51f9982.1d226","type":"http request","z":"88cc4fbf.7b8f","name":"CVP API get","method":"use","ret":"obj","url":"","tls":"","x":499,"y":816,"wires":[["1b10e6d0.d4d461","3b6ec2e5.8b5fb6"]]},{"id":"1b10e6d0.d4d461","type":"debug","z":"88cc4fbf.7b8f","name":"","active":true,"console":"false","complete":"true","x":699,"y":796,"wires":[]},{"id":"3624b116.caf6e6","type":"function","z":"88cc4fbf.7b8f","name":"Build msg for CVP API call","func":"//temporary: this should come from VGW gucid\nm_convoID=global.get(\"global_conv_wks\");\nm_cvp_api_url = global.get(\"global_cvp_api_url\");\n\nmsg.headers={};\n//msg.headers={\"Content-Type\":\"application/json\",\n//             \"Accept\" : \"application/json\",\n//             \"HUSERID\": m_huserid\n//             \"Authorization\" : m_authorization_token\n//};\nm_url_param = \"?convoID=\" + m_convoID;\n// msg.url = \"http://udwasoeapp03:1880/CVP/getcalldata?convoID=\"+m_convoID;\nmsg.url =  m_cvp_api_url + m_url_param;\nmsg.method = \"get\";\n\nreturn msg;","outputs":1,"noerr":0,"x":249,"y":816,"wires":[["d51f9982.1d226"]]},{"id":"64d45b04.e5e12c","type":"inject","z":"88cc4fbf.7b8f","name":"ConvoID","topic":"","payload":"","payloadType":"date","repeat":"","crontab":"","once":false,"x":189,"y":716,"wires":[["3624b116.caf6e6"]]},{"id":"6550960e.aaf95","type":"function","z":"30457e8.8729482","name":"Define Insert loggin-VARegionsLog","func":"/*** Save msg.payload **/\nmsg.m_curr_hold =  msg.payload;\n\nnode.error(\"Define Insert loggin-VARegionsLog\");\nnode.error( msg);\n\n//*** Puopulate Log Variables ***// \n\nvar m_output_rcvd = msg.payload.output.text[0];\nvar m_input_rcvd = msg.payload.input.text;\nnode.error(m_output_rcvd);\nnode.error(m_input_rcvd);\n\n\nm_clean_string_output = my_find_repl (m_output_rcvd,\"\\'\");\nm_clean_string_input = my_find_repl (m_input_rcvd,\"\\'\");\n\n\nfunction my_find_repl (m_init_string,find_string) {\n while ( (findindex = m_init_string.lastIndexOf(find_string)) > 0)\n {\n m_init_string = m_init_string.replace(find_string,\"\");\n }\n return m_init_string;\n}\n\nnode.error(\"m_clean_string-1\");\nnode.error(m_clean_string_output);\nnode.error(m_clean_string_input);\n\n\nvar m_unique_UserID = msg.getsession.session_user; \nvar m_loggingtimestamp = 'SYSDATETIME()'; \n    var currentIntent = \" \";\n    var currentConfidence = 0;\n        node.error(\"Before If Statement \");\n        node.error(msg.payload);\n        var m_array_length = msg.payload.intents.length;\n        node.error(\"Array Length : \"+ m_array_length );\n\nif (m_array_length === 0)\n{\n    node.error(\"I am here inside if -no Intent found\");\n    currentIntent = \"any_thing_else\";\n}\nelse {\n  currentIntent = msg.payload.intents[0].intent;\n  currentConfidence =msg.payload.intents[0].confidence;\n}\n//var currentConfidence =msg.payload.intents[0].confidence;\nvar currentInputText =m_clean_string_input;\nvar currentOutputText =m_clean_string_output;\nvar currentRepeatRequestCount = msg.payload.context.RepeatRequestCount;\nvar currentFlowRepeatRequestCount = msg.payload.context.FlowRepeatRequestCount;\nvar currentUserID =m_unique_UserID;\nvar currentPhoneFrom =msg.payload.context.vgwSIPFromURI.substring(4,14);\nvar startTimeStamp = 'SYSDATETIME()'; \nvar conversationID=msg.payload.context.conversation_id;\nvar channel = msg.payload.context.channel;\n\n\nvar ins_userID = \"'\" +m_unique_UserID + \"'\";\nvar ins_loggingtimestamp = m_loggingtimestamp ; \nvar ins_currentIntent = \"'\" + currentIntent + \"'\";\nvar ins_currentConfidence = currentConfidence ;\nvar ins_currentInputText = \"'\" + currentInputText + \"'\"; \nvar ins_currentOutputText = \"'\" + currentOutputText + \"'\";\nvar ins_currentRepeatRequestCount = currentRepeatRequestCount;\nvar ins_currentFlowRepeatRequestCount = currentFlowRepeatRequestCount;\nvar ins_currentUserID = \"'\" + currentUserID + \"'\"; \nvar ins_currentPhoneFrom =currentPhoneFrom ;\nvar ins_startTimeStamp = startTimeStamp; \nvar ins_conversationID = \"'\" + conversationID + \"'\"; \nvar ins_channel = \"'\" + channel + \"'\";\n\nm_qry = \"\";\n\nm_qry = m_qry + \"insert into watson.VARegionsLog (userid, loggingtimestamp,currentIntent, currentConfidence, \";\nm_qry = m_qry + \"currentInputText,currentOutputText, currentRepeatRequestCount, currentFlowRepeatRequestCount,\";\nm_qry = m_qry + \"currentUserID, currentPhoneFrom,startTimeStamp,conversationID, channel) values (\";\nm_qry = m_qry + ins_userID + \",\" + ins_loggingtimestamp + \",\" + ins_currentIntent + \",\" + ins_currentConfidence + \",\";\nm_qry = m_qry + ins_currentInputText + \",\" +ins_currentOutputText + \",\" + ins_currentRepeatRequestCount + \",\";\nm_qry = m_qry + ins_currentFlowRepeatRequestCount + \",\" + ins_currentUserID + \",\" + ins_currentPhoneFrom + \",\";\nm_qry = m_qry + ins_startTimeStamp + \",\" + ins_conversationID + \",\" + ins_channel + \")\";\n\n\nmsg.getsession.sqlsection.sqlquery = m_qry;  \nnode.error(\"Define Insert loggin-VARegionsLog Query:\");\nnode.error(msg.getsession.sqlsection.sqlquery);\n/** Set msg Properties **/\nvar m_server =  global.get(\"global_mssql_server\");  \nvar m_server_port =  global.get(\"global_mssql_server_port\"); \nvar m_database = global.get(\"global_mssql_db\");  \nvar m_mssql_user =  global.get(\"global_mssql_usr\");  \nvar m_mssql_passwd = global.get(\"global_mssql_pass\"); \n\nmsg.user = m_mssql_user;\nmsg.password = m_mssql_passwd;\nmsg.server=  m_server;  \nmsg.database = m_database;      \n//msg.trustedconnection=  'No';\nmsg.port= m_server_port;\nmsg.payload = m_qry;\nreturn msg;","outputs":1,"noerr":0,"x":281,"y":90,"wires":[["7f197f8b.f42a9"]]},{"id":"a03a6e60.1ce828","type":"function","z":"30457e8.8729482","name":"Define Insert Query - VARegionsSession","func":"node.error(\"Inside VARegionsSession insert\");\nnode.error(msg);\n\nvar m_clean_string = msg.payload;\n\nm_clean_string = my_find_repl (m_clean_string,\"\\'\");\n\nfunction my_find_repl (m_init_string,find_string) {\n while ( (findindex = m_init_string.lastIndexOf(find_string)) > 0)\n {\n m_init_string = m_init_string.replace(find_string,\"\");\n }\n return m_init_string;\n}\n\n\nvar m_unique_UserID = msg.getsession.session_user;\nm_ConvoUser = \"'\"+ m_unique_UserID + \"'\";\nm_convoTs = 'SYSDATETIME()';\nm_convoSource = \"'\"+ msg.m_curr_hold.context.channel + \"'\";\nm_convoPayload = \"'\"+ m_clean_string + \"'\";\n \nm_qry = \"\";\nm_qry = m_qry + \"insert into Watson.VARegionsSession (convoUser,convoTS, a.convoSource, a.convoPayload ) \";\nm_qry = m_qry + \" values (\";\nm_qry = m_qry + m_ConvoUser + \",\" + m_convoTs +\",\" + m_convoSource +\",\" + m_convoPayload;\nm_qry = m_qry + \")\";\nmsg.getsession.sqlsection.sqlquery = m_qry; \n\n/** Set msg Properties **/\nvar m_server =  global.get(\"global_mssql_server\");  \nvar m_server_port =  global.get(\"global_mssql_server_port\"); \nvar m_database = global.get(\"global_mssql_db\");  \nvar m_mssql_user =  global.get(\"global_mssql_usr\");  \nvar m_mssql_passwd = global.get(\"global_mssql_pass\"); \n\nmsg.user = m_mssql_user;\nmsg.password = m_mssql_passwd;\nmsg.server=  m_server;  \nmsg.database = m_database;      \n//msg.trustedconnection=  'No';\nmsg.port= m_server_port;\nmsg.payload = m_qry;\n\nreturn msg;","outputs":1,"noerr":0,"x":226.99999237060547,"y":401.9999027252197,"wires":[["1bb10eef.891261"]]},{"id":"47e5311a.88cca","type":"json","z":"30457e8.8729482","name":"","pretty":false,"x":151.77263641357422,"y":336.499906539917,"wires":[["a03a6e60.1ce828","dabf103b.0aeba8"]]},{"id":"ad613488.a3b9c8","type":"function","z":"30457e8.8729482","name":"Restore MSG.Payload (1)","func":"node.error(\"Restore MSG.Payload (1)\");\n//msg.getsession.sqlsection.qry_result = msg.payload;\nmsg.payload = msg.m_curr_hold;  \nnode.error(msg);\nreturn msg;","outputs":1,"noerr":0,"x":212.77270889282227,"y":282.6079216003418,"wires":[["47e5311a.88cca","d6aca278.036c28"]]},{"id":"dabf103b.0aeba8","type":"debug","z":"30457e8.8729482","name":"nak1","active":true,"console":"false","complete":"true","x":490.7699165344238,"y":329.94882583618164,"wires":[]},{"id":"7f197f8b.f42a9","type":"MSSQL-UCG","z":"30457e8.8729482","mssqlCN":"7886df16.fa8e58","name":"Pass Param (1)","query":"","outField":"payload","x":164.99999237060547,"y":234.2727174758911,"wires":[["ad613488.a3b9c8","ebe6fc5d.7faba"]]},{"id":"1bb10eef.891261","type":"MSSQL-UCG","z":"30457e8.8729482","mssqlCN":"7886df16.fa8e58","name":"Pass Param","query":"","outField":"payload","x":519.0000076293945,"y":407.6363754272461,"wires":[["dbabe865.77d84"]]},{"id":"dbabe865.77d84","type":"function","z":"30457e8.8729482","name":"Restore MSG.Payload (2)","func":"//msg.getsession.sqlsection.qry_result = msg.payload;\nmsg.payload = msg.m_curr_hold;  \nreturn msg;","outputs":1,"noerr":0,"x":549.6363906860352,"y":473.0000057220459,"wires":[["e04c5c19.e7b058"]]},{"id":"d6aca278.036c28","type":"debug","z":"30457e8.8729482","name":"Restore MSG.payload (1)","active":true,"console":"false","complete":"true","x":516.7755737304688,"y":271.6761074066162,"wires":[]},{"id":"e04c5c19.e7b058","type":"debug","z":"30457e8.8729482","name":"Restore msg.payload (2)","active":true,"console":"false","complete":"true","x":752.312421798706,"y":330.4942798614502,"wires":[]},{"id":"ebe6fc5d.7faba","type":"debug","z":"30457e8.8729482","name":"insert row(1)","active":true,"console":"false","complete":"true","x":500.7670211791992,"y":186.04261112213135,"wires":[]},{"id":"f8ad77d1.19d658","type":"function","z":"88cc4fbf.7b8f","name":"Process Error Output","func":"//** Write Message to STDOUT for the Splunk **//\nnode.error(\"in catch funciton\");\nnode.error(\"UCG Error: Node ==>\" + msg.error.source.name);\nnode.error(\"UCG Error: Type ==>\" + msg.error.source.type);\nnode.error(\"UCG Error: Message ==>\" + msg.error.message);\nnode.error(msg);\n//** Write Response for the Customer **//\nvar m_stt_usr = global.get(\"global_stt_usr\");\nvar m_stt_pass = global.get(\"global_stt_pass\");\nvar m_tts_usr = global.get(\"global_tts_usr\");\nvar m_tts_pass = global.get(\"global_tts_pass\");\nvar m_vgw_actplay_url = global.get(\"global_vgwactplay_url\");\nvar m_watson_stt_url = global.get(\"global_watson_stt_url\");\nvar m_watson_tts_url = global.get(\"global_watson_tts_url\");\nvar m_vgw_optout = global.get(\"global_vgw_optout\");\nvar m_stt_customization_id = global.get(\"global_stt_customization_id\");\nvar m_tts_customization_id = global.get(\"global_tts_customization_id\");\nvar m_customer_error = global.get(\"global_customer_error_message\");\n\n//msg.payload.output = {}\nmsg.payload.output.text = m_customer_error;\nlet vgwOutput = {}\nvgwOutput = [\n       {\n        //add vgw transfer header \n      \"command\": \"vgwActSetSTTConfig\",\n      \"parameters\": {\n              \"credentials\": {\n                \"url\": m_watson_stt_url,\n                \"username\": m_stt_usr,\n                \"password\": m_stt_pass\n              },\n              \"config\": {\n                  \"x-watson-learning-opt-out\": m_vgw_optout,\n                  \"model\": \"en-US_NarrowbandModel\",\n                  \"profanity_filter\": true,\n                  \"customization_id\": m_stt_customization_id,\n//                  \"customization_weight\":0.3,\n                  \"firmup_silence_time\":1,\n                  \"max_alternatives\":6,\n                  \"smart_formatting\": true\n              }\n          }\n        },\n        {\n        \"command\": \"vgwActSetTTSConfig\",\n        \"parameters\": {\n              \"credentials\": {\n                \"url\":  m_watson_tts_url,\n                \"username\": m_tts_usr,\n                \"password\": m_tts_pass\n              },\n              \"config\": {\n                  \"x-watson-learning-opt-out\": m_vgw_optout,\n                  \"customization_id\": m_tts_customization_id, \n                  \"voice\": \"es-ES_LauraVoice\"\n              },\n              \"jitterBufferDelay\": 200,\n              \"cacheTimeToLive\": 336\n            }\n        }\n   ]\nmsg.payload.context.vgwActionSequence = vgwOutput;\nmsg.payload.context.cgwPostResponseTimeoutCount = \"60000\";\nreturn msg;","outputs":1,"noerr":0,"x":828,"y":636.0000109672546,"wires":[["a79e4689.24bf18"]]}]