[{"id":"88cc4fbf.7b8f","type":"tab","label":"Environment_file","disabled":false,"info":""},{"id":"88873225.280a6","type":"subflow","name":"Batch Enryption (Docker)","info":"","in":[{"x":79,"y":112,"wires":[{"id":"f15b832f.c16cf8"}]}],"out":[{"x":813,"y":143,"wires":[{"id":"341aa9ad.805c7e","port":0}]}]},{"id":"2b55c82b.6ae508","type":"subflow","name":"Batch Process flow for Encryption","info":"","in":[{"x":116,"y":101,"wires":[{"id":"96ae5a02.06e2b8"}]}],"out":[{"x":274,"y":394,"wires":[{"id":"4356f0f6.fe2ca8","port":1}]}]},{"id":"d2a72cb.278545","type":"subflow","name":"Batch Enryption (Local)","info":"","in":[{"x":106,"y":94,"wires":[{"id":"db701be6.1683a8"}]}],"out":[{"x":910,"y":89,"wires":[{"id":"4a5566e4.56b568","port":0}]}]},{"id":"8a362f0f.d280e","type":"subflow","name":"Logouts","info":"","in":[{"x":50,"y":30,"wires":[{"id":"b77cfe6.f3231"}]}],"out":[]},{"id":"9d3f80a5.959428","type":"subflow","name":"Post REST 1st Fee","info":"","in":[{"x":140,"y":220,"wires":[{"id":"11ce401b.ec5608"}]}],"out":[{"x":740,"y":220,"wires":[{"id":"933a032d.572818","port":0}]}]},{"id":"e0c8b9aa.e027e","type":"subflow","name":"GET REST 1st Fee","info":"","in":[{"x":240,"y":260,"wires":[{"id":"bd4a9427.7e0798"}]}],"out":[{"x":920,"y":300,"wires":[{"id":"400a2d18.da5bac","port":0}]}]},{"id":"d7d68437.1563","type":"subflow","name":"Finesse SOAP user data call","info":"","in":[{"x":50,"y":30,"wires":[{"id":"6826e879.ae846"}]}],"out":[{"x":681,"y":121,"wires":[{"id":"42dfa11e.8f13c8","port":0}]}]},{"id":"3da428e.f615fd8","type":"subflow","name":"GetMssqlSession","info":"","in":[{"x":43,"y":41,"wires":[{"id":"88d43b37.0e6a58"}]}],"out":[{"x":638.9999942779541,"y":53.999996185302734,"wires":[{"id":"28175ac7.8dfc86","port":0}]}]},{"id":"9739fa7b.6a44c","type":"subflow","name":"Set Base File Path (Local)","info":"","in":[{"x":180,"y":220,"wires":[{"id":"79706101.e67b28"}]}],"out":[{"x":560,"y":220,"wires":[{"id":"79706101.e67b28","port":0}]}]},{"id":"9d1bbf96.bcfb6","type":"subflow","name":"Local-Read Env file  and Decrypt","info":"Please use this Subflow for testing \nwith local node-red installation","in":[{"x":219,"y":110,"wires":[{"id":"eeac0d7.c20947"}]}],"out":[{"x":634,"y":111,"wires":[{"id":"1fdd8f0.e26ec71","port":0}]}]},{"id":"e47835fe.d52fc8","type":"subflow","name":"Set Base File Path (Docker)","info":"","in":[{"x":180,"y":142,"wires":[{"id":"cf1d46ee.12e688"}]}],"out":[{"x":659,"y":139,"wires":[{"id":"cf1d46ee.12e688","port":0}]}]},{"id":"c3da9514.dc35f","type":"subflow","name":"Check Global Variables","info":"","in":[{"x":100,"y":140,"wires":[{"id":"404429fd.2948e"}]}],"out":[{"x":460,"y":140,"wires":[{"id":"404429fd.2948e","port":0}]}]},{"id":"a0a6fe05.08241","type":"subflow","name":"Decrypt the String","info":"","in":[{"x":209,"y":162,"wires":[{"id":"ce7128b9.1c7ca8"}]}],"out":[{"x":614,"y":162,"wires":[{"id":"ce7128b9.1c7ca8","port":0}]}]},{"id":"22409fba.2e272","type":"subflow","name":"Decrypt/Set Global Variables","info":"Date: 08/14/2017-\n\nNew Subflow Created to share logic between\nLocal and Docker flow.","in":[{"x":67,"y":137,"wires":[{"id":"89e4b2cc.bc0bf"}]}],"out":[{"x":340,"y":480,"wires":[{"id":"5f58bc8a.006a64","port":1},{"id":"2a979759.66f528","port":0}]}]},{"id":"432885a0.d63e5c","type":"subflow","name":"Docker Read Env file and Decrypt","info":"","in":[{"x":92,"y":117,"wires":[{"id":"c07221d4.e3a99"}]}],"out":[{"x":817,"y":304,"wires":[{"id":"4dab7bc3.925624","port":0}]}]},{"id":"fedab7e0.a492b8","type":"subflow","name":"Encrypt the String","info":"","in":[{"x":96,"y":130,"wires":[{"id":"850a36cb.05bbf8"}]}],"out":[{"x":491,"y":130,"wires":[{"id":"850a36cb.05bbf8","port":0}]}]},{"id":"e138d138.dc358","type":"subflow","name":"Execute SQL","info":"","in":[{"x":139.0000035762787,"y":121.99999809265137,"wires":[{"id":"63349c60.454c14"}]}],"out":[{"x":473.0000057220459,"y":119.99999904632568,"wires":[{"id":"63349c60.454c14","port":0}]}]},{"id":"30457e8.8729482","type":"subflow","name":"SetMssqlSession","info":"","in":[{"x":50,"y":30,"wires":[{"id":"6550960e.aaf95"}]}],"out":[{"x":714,"y":522,"wires":[{"id":"dbabe865.77d84","port":0}]}]},{"id":"76675d81.eb7e94","type":"MSSQL-CN","z":"","name":"ucg-mssql","server":"ucg-mssql.database.windows.net","encyption":true,"database":"ucg"},{"id":"a8d5ebae.8d9888","type":"MSSQL-CN","z":"","name":"ucg-mssql","server":"ucg-mssql.database.windows.net","encyption":true,"database":"ucg"},{"id":"190f4118.40aebf","type":"MSSQL-UCG-CN","z":"","name":"","server":"","port":"","encyption":true,"database":""},{"id":"eb4ab182.f0609","type":"MSSQL-UCG-CN","z":"","name":"Test","server":"wdwasoesql01","port":"31631","encyption":true,"database":"WASOE_VA_Sessionstate"},{"id":"7886df16.fa8e58","type":"MSSQL-UCG-CN","z":"","name":"","server":"","port":"","encyption":true,"database":""},{"id":"b28cf63.c575b08","type":"tls-config","z":"","name":"","cert":"","key":"","ca":"","certname":"","keyname":"","caname":"","verifyservercert":false},{"id":"f15b832f.c16cf8","type":"function","z":"88873225.280a6","name":"Batch Encryption- Set Base Variables (Docker)","func":"var m_base_key_path = \"/usr/src/node-red/keyfiles/\";\nvar m_base_log_path = \"/usr/src/node-red/logs/\";\n\nvar m_env_input_file      = m_base_key_path+ 'SOE_environment_file_input';\nvar m_env_output_file     = m_base_key_path+ 'SOE_environment_file_output';\nvar m_env_revalidation_file = m_base_key_path+ 'SOE_environment_revalidation_output';\n\nglobal.set(\"global_file_path_key_files\",m_base_key_path);\nglobal.set(\"global_passwd_phrase_file\",m_base_key_path+\"password_phrase.txt\");\nglobal.set(\"global_logfile_path\",m_base_log_path+\"logs/\");\nglobal.set(\"global_env_input_file\",m_env_input_file);\nglobal.set(\"global_env_output_file\",m_env_output_file);\nglobal.set(\"global_env_revalidation_file\",m_env_revalidation_file);\nreturn msg;","outputs":1,"noerr":0,"x":276,"y":258,"wires":[["341aa9ad.805c7e"]]},{"id":"341aa9ad.805c7e","type":"subflow:2b55c82b.6ae508","z":"88873225.280a6","name":"","x":653,"y":256,"wires":[[]]},{"id":"6bc77842.c3ecf8","type":"comment","z":"88873225.280a6","name":"Batch Enryption (Docker) - Subflow","info":"","x":463,"y":119,"wires":[]},{"id":"4356f0f6.fe2ca8","type":"read-line","z":"2b55c82b.6ae508","name":"Read one line from \"environment_file Input file\"","topic":"","file":"","offset":0,"limit":0,"x":298,"y":307,"wires":[["43756fd2.e81668","fa2f7a7b.27f5f8"],[]]},{"id":"43756fd2.e81668","type":"function","z":"2b55c82b.6ae508","name":"Receive String to Decrypt ","func":"var m_string = msg.payload;\n\nif (m_string.lastIndexOf(\"|\") >= 0 ) {\nmsg.string = msg.payload.split(\"|\");\nmessage1  =msg.string[0].trim();\nmsg_flag  =msg.string[1].trim();\nmessage2  =msg.string[2].trim();\n} else {\n    \n    var message1 = \"\";\n    var msg_flag = \"N\";\n    var message2 = \" \";\n}\n\nm_file = global.get(\"global_env_output_file\");\nnode.log(\"nak output : \" + m_file);\n//msg.payload ={};\nmsg.topic = message1;\nmsg.payload = message2;\nmsg.flag = msg_flag;\nmsg.m_value = message2;\nmsg.filename = global.get(\"global_env_output_file\");\n\nreturn msg;","outputs":1,"noerr":0,"x":631,"y":301,"wires":[["84aab0cc.9d569"]]},{"id":"84aab0cc.9d569","type":"switch","z":"2b55c82b.6ae508","name":"Check if to be encrypted","property":"flag","propertyType":"msg","rules":[{"t":"eq","v":"R","vt":"str"},{"t":"else"}],"checkall":"true","outputs":2,"x":476,"y":510,"wires":[["fe753fff.dde678"],["29cb280d.ee7dc8","7bfdb7ce.49d8"]]},{"id":"29cb280d.ee7dc8","type":"function","z":"2b55c82b.6ae508","name":"Encryption Flow Function - Prepare to write to the Environment Output FIle","func":"//msg.string = msg.payload.split(\":\");\n//message1  =msg.string[0].trim();\n//message2  =msg.string[1].trim();\n\nmessage1  =msg.topic; \nmessage2  =msg.payload;\nmsg_flag  =msg.flag;\n\nvar m_string = message1 + \"                                           \";\nvar m_sub_str = m_string.substring(0,35);\n\nif (msg_flag == 'R') {\n    msg_flag = 'Y';\n} \n\nvar m_output_string = m_sub_str + '|' + msg_flag + '| ' + message2;\n\nnode.log(\"NAK2- m_output_string : =>\"+ m_output_string);\n//msg.payload = {};\nmsg.payload = m_output_string;\n\nmsg.filename = global.get(\"global_env_output_file\");\n\nreturn [msg] \n","outputs":1,"noerr":0,"x":986,"y":453,"wires":[["ddf5e806.04bca8","95eae7c5.4415d8"]]},{"id":"ddf5e806.04bca8","type":"debug","z":"2b55c82b.6ae508","name":"Display Encrypted string","active":true,"console":"false","complete":"payload","x":1223,"y":363,"wires":[]},{"id":"eb39e2ff.db6be","type":"comment","z":"2b55c82b.6ae508","name":"Readme First - Prior to Using this Batch Encryption Subflow","info":"/************************************************/\n/** Added by Nitin Kulkarni                    **/\n/** IBM GBS                                    **/\n/** Date: 08/18/2017                           **/\n/** Modification History Add below             **/\n/**                                            **/\n/************************************************/\n\n==================================================\n============= IMPORTANT Note: ====================  \n  Please Remove Debug Nodes from this flow\n            prior to deployment\n==================================================\n==================================================\n\nIntro:\n------\n\nThis flow is utility to allow mass encryption.\n\nFiles Used by this flow-\n\nPassword Phrase File: \"password_phrase.txt\"\nInput enviornment file Name: \"SOE_environment_file_input\"\n\nOutput file Name: \"SOE_environment_file_output\"\nRevalidation (Reverse encryption) file : \"SOE_environment_revalidation_output\"\n\n\nThese files should be kept in the supporting file folder\n\nStructure of Input file:\n------------------------\nSubject                       Flag  Value\n=======                       ====  ====================================\nconversation_workspace        |R|   321e996d-efee-42a0-8aed-3dc93006a026\nmf_ivrh_url                   |N|   https://devl:16180/iv/IVRH\n\nFlag 'R' indicates - Value needs to be encrypted\n     'N' indicate4s - encryption is not needed and can be pass as is\n\n\nHow Flow Works:\n---------------\n\nThe flow will read Input environment file, will used password phrase from the \npassword phrase file.\n\nThe flow will use Crypto-JS/AES algorithm and will encrypt the value based on the flag.\nEach line from Inputfile will be written to the output file, \nIn the output file -\n   on encryped rows, the flag will be set to \"Y\"\n   on pass-thru lines the flag will remain asis i.e. \"N\"\n   \n\nRevalidation File:\n=================\nThe purpose of revalidation flow, is pass the encrypted string to the\ndecrypt function and generate the orginal string for the verification.\n\nThe flow will generate revalidation file.\n\n","x":565,"y":60,"wires":[]},{"id":"96ae5a02.06e2b8","type":"function","z":"2b55c82b.6ae508","name":"Reset Env Output File","func":"\n/** Reset the file **/\n\nmsg.payload = \"\";\nmsg.filename =  global.get(\"global_env_output_file\");\n \nreturn msg;\n\n","outputs":1,"noerr":0,"x":324,"y":142,"wires":[["c14adc95.ab07f","70b4dfa8.3e155"]]},{"id":"95eae7c5.4415d8","type":"file","z":"2b55c82b.6ae508","name":"","filename":"","appendNewline":true,"createDir":false,"overwriteFile":"false","x":1241,"y":533,"wires":[]},{"id":"c14adc95.ab07f","type":"file","z":"2b55c82b.6ae508","name":"Reset File Output File","filename":"","appendNewline":false,"createDir":false,"overwriteFile":"true","x":715,"y":140,"wires":[]},{"id":"e73c0ca.e2eebf","type":"function","z":"2b55c82b.6ae508","name":"Set Input File Name","func":"msg.filename =  global.get(\"global_env_input_file\");\n \nreturn msg;","outputs":1,"noerr":0,"x":336,"y":256,"wires":[["4356f0f6.fe2ca8"]]},{"id":"fe753fff.dde678","type":"subflow:fedab7e0.a492b8","z":"2b55c82b.6ae508","name":"","x":795,"y":381,"wires":[["29cb280d.ee7dc8","15704524.80960b"]]},{"id":"15704524.80960b","type":"subflow:a0a6fe05.08241","z":"2b55c82b.6ae508","name":"","x":790,"y":544,"wires":[["7bfdb7ce.49d8","c8beb447.6fee78"]]},{"id":"70b4dfa8.3e155","type":"function","z":"2b55c82b.6ae508","name":"Reset Revalidation File","func":"msg.filename = global.get(\"global_env_revalidation_file\"); \nmsg.payload = \"\";\nreturn msg;","outputs":1,"noerr":0,"x":328,"y":190,"wires":[["e73c0ca.e2eebf","c14adc95.ab07f"]]},{"id":"7bfdb7ce.49d8","type":"function","z":"2b55c82b.6ae508","name":"Revalidation Flow - Prepare to Write to the file Revalidation Output File","func":"//msg.string = msg.payload.split(\":\");\n//message1  =msg.string[0].trim();\n//message2  =msg.string[1].trim();\n\nmessage1  =msg.topic; \nmessage2  =msg.payload;\nmsg_flag  =msg.flag;\n\nvar m_string = message1 + \"                                           \";\nvar m_sub_str = m_string.substring(0,35);\n\nif (msg_flag == 'Y') {\n    msg_flag = 'R';\n} \n\nvar m_output_string = m_sub_str + '|' + msg_flag + '| ' + message2;\n\nnode.log(\"NAK2- m_revalidation_string : =>\"+ m_output_string);\n//msg.payload = {};\nmsg.payload = m_output_string;\n\nmsg.filename = global.get(\"global_env_revalidation_file\"); \n\nreturn [msg] \n","outputs":1,"noerr":0,"x":948,"y":610,"wires":[["95eae7c5.4415d8"]]},{"id":"db701be6.1683a8","type":"function","z":"d2a72cb.278545","name":"Batch Encryption- Set Base Variables (Local)","func":"var m_base_key_path = \"/Users/nitin.a.kulkarni@us.ibm.com/.node-red/keyfiles/\";\nvar m_base_log_path = \"/Users/nitin.a.kulkarni@us.ibm.com/.node-red/logs/\";\nvar m_env_input_file      = m_base_key_path+ 'SOE_environment_file_input';\nvar m_env_output_file     = m_base_key_path+ 'SOE_environment_file_output';\nvar m_env_revalidation_file = m_base_key_path+ 'SOE_environment_revalidation_output';\n\nglobal.set(\"global_file_path_key_files\",m_base_key_path);\nglobal.set(\"global_passwd_phrase_file\",m_base_key_path+\"password_phrase.txt\");\nglobal.set(\"global_logfile_path\",m_base_log_path+\"logs/\");\nglobal.set(\"global_env_input_file\",m_env_input_file);\nglobal.set(\"global_env_output_file\",m_env_output_file);\nglobal.set(\"global_env_revalidation_file\",m_env_revalidation_file);\nreturn msg;","outputs":1,"noerr":0,"x":348,"y":194,"wires":[["4a5566e4.56b568"]]},{"id":"4a5566e4.56b568","type":"subflow:2b55c82b.6ae508","z":"d2a72cb.278545","name":"","x":735,"y":192,"wires":[[]]},{"id":"b77cfe6.f3231","type":"function","z":"8a362f0f.d280e","name":"prepare to write a log","func":"//*** Puopulate Log Variables ***// \nvar m_unique_UserID = \" \";\nvar m_loggingtimestamp = \" \";\nvar currentIntent = \"\";\nvar currentConfidence =\"\";\nvar currentInputText =\"\";\nvar currentOutputText =\"\";\nvar currentRepeatRequestCount = \"\";\nvar currentFlowRepeatRequestCount = \"\";\nvar currentUserID =\"\";\nvar currentPhoneFrom =\"\";\nvar startTimeStamp =\"\";\nvar conversationID=\"\";\nvar channel = \"\";\nvar convoUser = \" \";\nvar convoTS = \" \";\nvar convoSource = \" \";\nvar convoPayload = \" \";\n\n\n//node.error(\"made vars in log context\");\n\nvar m_loggingtimestamp = new Date().toString();\nif ((msg.payload.intents!==undefined)&&(msg.payload.intents[0]!==undefined)){\n    if (msg.payload.intents[0].intent!==undefined){\n        currentIntent= msg.payload.intents[0].intent;\n    }\n    if (msg.payload.intents[0].confidence!==undefined){\n        currentConfidence=msg.payload.intents[0].confidence;\n    }\n}\nif (msg.payload.input.text!==undefined){\n    currentInputText=msg.payload.input.text;\n}\nif (msg.payload.output.text!==undefined){\n    currentOutputText=msg.payload.output.text[0];\n}\nif (msg.payload.context.RepeatRequestCount!==undefined){\n    currentRepeatRequestCount = msg.payload.context.RepeatRequestCount;\n}\nif (msg.payload.context.FlowRepeatRequestCount!==undefined){\n    currentFlowRepeatRequestCount = msg.payload.context.FlowRepeatRequestCount\n}\nif (msg.user!==undefined){\n    currentUserID=msg.user;\n    m_unique_UserID = msg.user;\n    convoUser = msg.user;\n}\nif (msg.req.body.From!==undefined){\n    currentPhoneFrom=msg.req.body.From;\n}\nif (msg.payload.context.startTimeStamp!==undefined){\n    startTimeStamp=msg.payload.context.startTimeStamp;\n    convoTS = msg.payload.context.startTimeStamp;\n}\nif (msg.payload.context.conversation_id!==undefined){\n    conversationID=msg.payload.context.conversation_id;\n}\nif (msg.payload.context.Channel!==undefined){\n    channel= msg.payload.context.Channel;\n    convoSource= msg.payload.context.Channel;\n}\nconvoPayload = msg.payload;\n\n\n\n\n\n//if (msg.payload.context.Email!==undefined){\n//    curEmail=msg.payload.context.Email\n//}\n//if (msg.payload.context.SIPvoiceSessionID!==undefined){\n//    voiceRecId=msg.payload.context.SIPvoiceSessionID\n//}\n//var currentTimeStamp=new Date().toString();\n\n//if (msg.payload.context.TransferCount!==undefined){\n//    currentTransferCount= msg.payload.context.TransferCount\n//}\n\nvar date1= new Date();\nvar dayValue = date1.getDate();\n\nvar regionslog= {payload : {\n    \"userid\" : m_unique_UserID,\n    \"loggingtimestamp\" : dayValue,\n    \"currentIntent\" : currentIntent,\n    \"currentConfidence\" : currentConfidence,\n    \"currentInputText\" : currentInputText,\n    \"currentOutputText\": currentOutputText,\n    \"currentRepeatRequestCount\" : currentRepeatRequestCount,\n    \"currentFlowRepeatRequestCount\" : currentFlowRepeatRequestCount,\n    \"currentUserID\" : currentUserID,\n    \"currentPhoneFrom\" : currentPhoneFrom,\n    \"startTimeStamp\" : startTimeStamp,\n    \"conversationID\":conversationID,\n    \"channel\" : channel\n}};\nvar regionssessionlog = {payload: {\n    \"convoUser\" : convoUser,\n    \"convoTS\" : convoTS,\n    \"convoSource\" : convoSource,\n    \"convoPayload\" : convoPayload\n}};\n\n//node.error(\"created new log data object\");\n\nreturn [regionslog,regionssessionlog];","outputs":"2","noerr":0,"x":207,"y":98,"wires":[["46d562d7.c5c86c"],[]]},{"id":"179b257d.47ef5b","type":"http request","z":"8a362f0f.d280e","name":"","method":"GET","ret":"txt","url":"","x":610,"y":60,"wires":[[]]},{"id":"46d562d7.c5c86c","type":"function","z":"8a362f0f.d280e","name":"Splunk","func":"node.console(msg.payload);\nreturn msg;","outputs":1,"noerr":0,"x":410,"y":80,"wires":[["179b257d.47ef5b"]]},{"id":"77a151b4.c6fbf8","type":"debug","z":"9d3f80a5.959428","name":"","active":true,"console":"false","complete":"true","x":850,"y":440,"wires":[]},{"id":"933a032d.572818","type":"http request","z":"9d3f80a5.959428","name":"Submit Update (Post) to MF API-\"","method":"use","ret":"obj","url":"","tls":"","x":626,"y":439,"wires":[["77a151b4.c6fbf8"]]},{"id":"11ce401b.ec5608","type":"function","z":"9d3f80a5.959428","name":"Set Variables for HTTP Request","func":"/*** Define Variables for the Request; these should be received from VGW ***/\n\nvar m_transaction = \"IVRH\";\nvar m_userid = \"SVCWCS01\";\nvar m_appl = \"DA\";\nvar m_bank = \"053\";\nvar m_account = 1122334455;\nvar m_fee_code = \"01\";\nvar m_assess_date = 20170525;\nvar m_assess_amt  = 36;\nvar m_refund_amt = 0;\nvar m_first_free = \"Y\";\nvar m_huserid = global.get(\"global_HUSERID\");\nvar m_url = global.get(\"global_mf_ivrh_url\");\n\n// Authorization Token to be taken from Enviornment File //\nvar m_REST_authorization_token;     \n\n\nmsg.headers={};\nmsg.headers={\"Content-Type\":\"application/json\",\n             \"Accept\" : \"application/json\",\n             \"HUSERID\": \"m_huserid\"\n//             \"Authorization\" : m_authorization_token\n};\nmsg.url = m_url;  // ** \"https://devl:16180/iv/IVRH\";\nmsg.method = \"post\";\n\nmsg.payload={};\nmsg.payload={\n\"IVRHJSI\": {\n    \"ivrhrequest\": {\n      \"transaction\": m_transaction,\n      \"userid\": m_userid,\n      \"appl\": m_appl,\n      \"bank\": m_bank,\n      \"account\": m_account,\n      \"fee\": {\n        \"fee_code\": m_fee_code,\n        \"assess_date\": m_assess_date,\n        \"assess_amt\": m_assess_amt\n      },\n      \"refund\": {\n        \"refund_amt\": m_refund_amt,\n        \"first_free\": m_first_free\n      }\n    }\n  }\n}\nreturn msg;","outputs":1,"noerr":0,"x":311,"y":439,"wires":[["933a032d.572818","3f7fd5e9.f99cba"]]},{"id":"3f7fd5e9.f99cba","type":"debug","z":"9d3f80a5.959428","name":"","active":true,"console":"false","complete":"true","x":536,"y":379,"wires":[]},{"id":"632bf8c2.9b363","type":"debug","z":"e0c8b9aa.e027e","name":"","active":true,"console":"false","complete":"false","x":930,"y":380,"wires":[]},{"id":"400a2d18.da5bac","type":"http request","z":"e0c8b9aa.e027e","name":"Reuest for the Data","method":"use","ret":"obj","url":"","tls":"","x":729,"y":383,"wires":[["632bf8c2.9b363"]]},{"id":"bd4a9427.7e0798","type":"function","z":"e0c8b9aa.e027e","name":"Request for the Data","func":"/*** Define Variables for the Request; these should be received from VGW ***/\n\nvar m_transaction = \"IVTH\";\nvar m_appl = \"DA\";\nvar m_bank = \"053\";\nvar m_account = 1122334455;\nvar m_fee_only = \"Y\";\nvar m_feecd_fr = \"01\";\n\nvar m_huserid = global.get(\"global_HUSERID\");\nvar m_url = global.get(\"global_mf_ivth_url\");\n\n// Authorization Token to be taken from Enviornment File //\nvar m_REST_authorization_token;     \n\n\nmsg.headers={};\nmsg.headers={\"Content-Type\":\"application/json\",\n             \"Accept\" : \"application/json\",\n             \"HUSERID\": m_huserid\n//             \"Authorization\" : m_authorization_token\n};\nmsg.url = m_url;  // ** \"https://devl:16180/iv/IVTH\";\nmsg.method = \"post\";\n\nmsg.payload={};\nmsg.payload={\n\"IVTHJSI\": {\n    \"ivthrequest\": {\n      \"transaction\": m_transaction,\n      \"userid\": m_huserid,\n      \"appl\": m_appl,\n      \"bank\": m_bank,\n      \"account\": m_account,\n      \"fee_only\" : m_fee_only,\n      \"feecd_fr\" : m_feecd_fr\n    }\n  }\n}\nreturn msg;","outputs":1,"noerr":0,"x":479,"y":383,"wires":[["400a2d18.da5bac"]]},{"id":"6826e879.ae846","type":"function","z":"d7d68437.1563","name":"SOAP node to be added","func":"\nreturn msg;","outputs":1,"noerr":0,"x":204,"y":229,"wires":[["42dfa11e.8f13c8"]]},{"id":"42dfa11e.8f13c8","type":"function","z":"d7d68437.1563","name":"","func":"\nreturn msg;","outputs":1,"noerr":0,"x":533,"y":208,"wires":[[]]},{"id":"f76fe8aa.0c5e58","type":"function","z":"3da428e.f615fd8","name":"Set Session in subflow","func":"node.error(\"from Set sessionsubflow\");\nnode.error(msg);\nmsg.getsession.sqlsection.qry_result = msg.payload;\nvar last_convo_payload = {};\n//    m_convo_payload = msg.getsession.sqlsection.qry_result.recordsets.convoPayload;\n    //node.error(\"m_convo_payload\"+m_convo_payload);\n\nif (msg.payload !==undefined) {   \n     node.error(\"msg-payload -Initial Assignment\");\n     m_convo_payload = JSON.stringify(msg.payload.convoPayload);\n}\nelse {\n    m_convo_payload = msg.payload;\n//    m_convo_payload = JSON.stringify(msg.getsession.sqlsection.qry_result.recordset[0].convoPayload);\n    node.error(\"NAK: m_convo_payload\"+m_convo_payload);\n    \n}\n\nmsg.last_convo_payload = m_convo_payload;\n\nreturn msg;","outputs":1,"noerr":0,"x":365.4999885559082,"y":100.99999141693115,"wires":[["28175ac7.8dfc86"]]},{"id":"79706101.e67b28","type":"function","z":"9739fa7b.6a44c","name":"Set Base File Paths (Local)","func":"var m_base_key_path = \"/Users/nitin.a.kulkarni@us.ibm.com/.node-red/keyfiles/\";\nvar m_base_log_path = \"/Users/nitin.a.kulkarni@us.ibm.com/.node-red/logs/\";\nvar m_env_file      = 'SOE_environment_file';\n\n\nglobal.set(\"global_file_path_key_files\",m_base_key_path);\nglobal.set(\"global_passwd_phrase_file\",m_base_key_path+\"password_phrase.txt\");\nglobal.set(\"global_logfile_path\",m_base_log_path+\"logs/\");\n\n\nmsg.filename = m_base_key_path + m_env_file;\n\nreturn msg;\n\n","outputs":1,"noerr":0,"x":360,"y":220,"wires":[[]]},{"id":"3ce2636.a77869c","type":"comment","z":"9d1bbf96.bcfb6","name":"Readme First - Prior to Using this Subflow","info":"/************************************************/\n/** Added by Nitin Kulkarni                    **/\n/** IBM GBS                                    **/\n/** Date: 08/12/2017                           **/\n/** Modification History Add below             **/\n/**                                            **/\n/************************************************/\n\n==================================================\n============= IMPORTANT Note: ====================  \n  Please Remove Debug Nodes from this flow\n            prior to deployment\n==================================================\n==================================================\n\nIntro:\n------\n\nThis Subflow gets executed only once during the run.\n\nThe flow will read environment file and \npassword phrase file from the host and will \ndecrypt the strings kept in environment variable file. \nThe flow will also define following global variables \nfor the session. \n\nNote for making update to environment file:\n===========================================\n\nIf new rows are added to environemnt file \nthen remember to update the Node \n\"Receive Decrypted String and Define Global Variable\" to \ndefine addtional global variables.\n\n\nList of Global Variables:\n=========================\n\nglobal_conv_wks  ==> Conversation Workspace\nglobal_conv_usr  ==> Conversation User Name\nglobal_conv_pass ==> Conversation Password \n\n\nNode for the Deployment:\n========================\n\nCurrent Environment file name is: \nvar m_env_file      = 'SOE_environement_file_DEV';\n\nEnviornment File Name needs to be updted in the\nNode : \"Store Global File Path\".\n\n\nOther Variables are file path variables; \nthese path must be mapped to corresponding \nfolders on the host.\n\nvar m_base_key_path = \"/usr/src/node-red/keyfiles/\";\nvar m_base_log_path = \"/usr/src/node-red/logs/\";\n\n\n\nStructure of Environment Variable file\"\n=======================================\n\nconversation_workspace |<encryption flag Y or N> | <encrypted string>\nconversation_username  |<encryption flag Y or N> | <encrypted string>\nconversation_password  |<encryption flag Y or N> | <encrypted string>\n\n\n\n","x":419,"y":45,"wires":[]},{"id":"1fdd8f0.e26ec71","type":"subflow:22409fba.2e272","z":"9d1bbf96.bcfb6","name":"","x":596,"y":214,"wires":[[]]},{"id":"eeac0d7.c20947","type":"subflow:9739fa7b.6a44c","z":"9d1bbf96.bcfb6","name":"","x":280,"y":213,"wires":[["1fdd8f0.e26ec71"]]},{"id":"cf1d46ee.12e688","type":"function","z":"e47835fe.d52fc8","name":"Set Base File Paths (Docker)","func":"var m_base_key_path = \"/usr/src/node-red/keyfiles/\";\nvar m_base_log_path = \"/usr/src/node-red/logs/\";\nvar m_env_file      = 'SOE_environment_file';\n\nglobal.set(\"global_file_path_key_files\",m_base_key_path);\nglobal.set(\"global_passwd_phrase_file\",m_base_key_path+\"password_phrase.txt\");\nglobal.set(\"global_logfile_path\",m_base_log_path+\"logs/\");\n\n\nmsg.filename = m_base_key_path + m_env_file;\n\nreturn msg;","outputs":1,"noerr":0,"x":415,"y":220,"wires":[[]]},{"id":"70ac9c3e.42906c","type":"comment","z":"e47835fe.d52fc8","name":"Subflow: Set Base File Paths (Docker)","info":"","x":403,"y":79,"wires":[]},{"id":"404429fd.2948e","type":"function","z":"c3da9514.dc35f","name":"Check Global Variables","func":"msg.payload = {};\n\nmsg.payload.global_conv_wks = global.get(\"global_conv_wks\");\nmsg.payload.global_conv_usr = global.get(\"global_conv_usr\");\nmsg.payload.global_conv_pass = global.get(\"global_conv_pass\");\n\nmsg.payload.global_stt_usr = global.get(\"global_stt_usr\");\nmsg.payload.global_stt_pass = global.get(\"global_stt_pass\");\nmsg.payload.global_tts_usr = global.get(\"global_tts_usr\");\nmsg.payload.global_tts_pass = global.get(\"global_tts_pass\");\n\nmsg.payload.global_mf_ivrh_url = global.get(\"global_mf_ivrh_url\");\nmsg.payload.global_mf_ivth_url = global.get(\"global_mf_ivth_url\");\nmsg.payload.global_HUSERID  = global.get(\"global_HUSERID\");\n\nmsg.payload.global_mssql_server = global.get(\"global_mssql_server\");  \nmsg.payload.global_mssql_db = global.get(\"global_mssql_db\");  \nmsg.payload.global_mssql_usr = global.get(\"global_mssql_usr\");  \nmsg.payload.global_mssql_pass = global.get(\"global_mssql_pass\");  \n\nmsg.payload.global_vgwactplay_url = global.get(\"global_vgwactplay_url\");\nmsg.payload.global_watson_stt_url = global.get(\"global_watson_stt_url\");\nmsg.payload.global_watson_tts_url = global.get(\"global_watson_tts_url\");\nmsg.payload.global_vgw_optout = global.get(\"global_vgw_optout\");\nmsg.payload.global_stt_customization_id = global.get(\"global_stt_customization_id\");\nmsg.payload.global_tts_customization_id = global.get(\"global_tts_customization_id\");\nmsg.payload.global_cvp_api_url = global.get(\"global_cvp_api_url\");\nmsg.payload.global_customer_error_message = global.get(\"global_customer_error_message\");\n\nreturn msg;\n","outputs":1,"noerr":0,"x":290,"y":140,"wires":[[]]},{"id":"91d29992.bdd6a8","type":"comment","z":"c3da9514.dc35f","name":"Subflow - Check Global Variables","info":"","x":324,"y":66,"wires":[]},{"id":"ce7128b9.1c7ca8","type":"function","z":"a0a6fe05.08241","name":"Decrypt the String","func":"// Define Global Context from Here //\n\nvar CryptoJS = context.global.cryptojs;\nvar fs_read = context.global.fsfileread;\n\n// Define Global Context Upto Here //\n\n\nglobal_passwd_phrase_file = global.get(\"global_passwd_phrase_file\");\n\nvar password_phrase = fs_read.readFileSync(global_passwd_phrase_file, \"UTF8\");  \n\nvar encrypted_passwd   = msg.payload;\n\nvar decrypted = CryptoJS.AES.decrypt(encrypted_passwd, password_phrase);\n\nmsg.payload = decrypted.toString(CryptoJS.enc.Utf8);\n\n\nreturn msg;\n\n\n\n\n\n\n","outputs":1,"noerr":0,"x":413,"y":162,"wires":[[]]},{"id":"41743f39.1db94","type":"debug","z":"22409fba.2e272","name":"","active":true,"console":"false","complete":"true","x":350,"y":560,"wires":[]},{"id":"ed49971d.78b048","type":"read-line","z":"22409fba.2e272","name":"Read one line from \"environment_file\"","topic":"","file":"","offset":0,"limit":0,"x":202,"y":346,"wires":[["231be80.8ede918"],["2a979759.66f528"]]},{"id":"231be80.8ede918","type":"function","z":"22409fba.2e272","name":"Receive String to Decrypt ","func":"var m_string = msg.payload;\n\nif (m_string.lastIndexOf(\"|\") >= 0 ) {\nmsg.string = msg.payload.split(\"|\");\nmessage1  =msg.string[0].trim();\nmsg_flag  =msg.string[1].trim();\nmessage2  =msg.string[2].trim();\n} else {\n    \n    var message1 = \"\";\n    var msg_flag = \"N\";\n    var message2 = \" \";\n}\n\n//msg.payload ={};\nmsg.topic = message1;\nmsg.payload = message2;\nmsg.flag = msg_flag;\nmsg.m_value = message2;\n\nreturn msg;","outputs":1,"noerr":0,"x":577,"y":340,"wires":[["dd1b55ed.56b338"]]},{"id":"dd1b55ed.56b338","type":"switch","z":"22409fba.2e272","name":"Check if encrypted","property":"flag","propertyType":"msg","rules":[{"t":"eq","v":"Y","vt":"str"},{"t":"else"}],"checkall":"true","outputs":2,"x":565,"y":429,"wires":[["ce5c3291.f5445"],["a833f9af.2bdf58"]]},{"id":"5f58bc8a.006a64","type":"switch","z":"22409fba.2e272","name":"Check Count","property":"env_count","propertyType":"msg","rules":[{"t":"eq","v":"1","vt":"str"},{"t":"else"}],"checkall":"true","outputs":2,"x":605,"y":261,"wires":[["ed49971d.78b048","16767865.769588"],[]]},{"id":"ce5c3291.f5445","type":"subflow:a0a6fe05.08241","z":"22409fba.2e272","name":"","x":824.9999465942383,"y":404.99995136260986,"wires":[["a833f9af.2bdf58"]]},{"id":"a833f9af.2bdf58","type":"function","z":"22409fba.2e272","name":"Receive Decrypted String and Define Global Variable","func":"//msg.string = msg.payload.split(\":\");\n//message1  =msg.string[0].trim();\n//message2  =msg.string[1].trim();\n\nmessage1  =msg.topic; \nmessage2  =msg.payload;\nmsg_flag  =msg.flag;\n\n\n\nnode.log(\"NAK2- message1 : =>\"+ message1);\nnode.log(\"NAK2-Decrypted message2 : =>\"+ message2);\n\n\nif (message1==\"conversation_workspace\"){\n    global.set(\"global_conv_wks\",message2);\n}\nif (message1==\"conversation_username\"){\n    global.set(\"global_conv_usr\",message2);\n}\nif (message1==\"conversation_password\"){\n    global.set(\"global_conv_pass\",message2);\n}\nif (message1==\"stt_username\"){\n    global.set(\"global_stt_usr\",message2);\n}\nif (message1==\"stt_password\"){\n    global.set(\"global_stt_pass\",message2);\n}\n\nif (message1==\"tts_username\"){\n    global.set(\"global_tts_usr\",message2);\n}\nif (message1==\"tts_password\"){\n    global.set(\"global_tts_pass\",message2);\n}\nif (message1==\"mf_ivrh_url\"){\n    global.set(\"global_mf_ivrh_url\",message2);\n}\nif (message1==\"mf_ivth_url\"){\n    global.set(\"global_mf_ivth_url\",message2);\n}\nif (message1==\"HUSERID\"){\n    global.set(\"global_HUSERID\",message2);\n}\nif (message1==\"mssql_server\"){\n    global.set(\"global_mssql_server\",message2);\n}\nif (message1==\"mssql_server_port\"){\n    global.set(\"global_mssql_server_port\",message2);\n}\nif (message1==\"mssql_server_database\"){\n    global.set(\"global_mssql_db\",message2);\n}\nif (message1==\"mssql_server_username\"){\n    global.set(\"global_mssql_usr\",message2);\n}\nif (message1==\"mssql_user_password\"){\n    global.set(\"global_mssql_pass\",message2);\n}\nif (message1==\"vgwActPlayUrl\"){\n    global.set(\"global_vgwactplay_url\",message2);\n}\nif (message1==\"watson_stt_api\"){\n    global.set(\"global_watson_stt_url\",message2);\n}\nif (message1==\"watson_tts_api\"){\n    global.set(\"global_watson_tts_url\",message2);\n}\nif (message1==\"vgw_optout\"){\n    global.set(\"global_vgw_optout\",message2);\n}\nif (message1==\"stt_customization_id\"){\n    global.set(\"global_stt_customization_id\",message2);\n}\nif (message1==\"tts_customization_id\"){\n    global.set(\"global_tts_customization_id\",message2);\n}\nif (message1==\"cvp_api_url\"){\n    global.set(\"global_cvp_api_url\",message2);\n}\nif (message1==\"customer_error_message\"){\n    global.set(\"global_customer_error_message\",message2);\n}\nreturn [msg] \n\n","outputs":1,"noerr":0,"x":649,"y":530,"wires":[[]]},{"id":"89e4b2cc.bc0bf","type":"function","z":"22409fba.2e272","name":"Check the Count to Exectute the subflow only once per run","func":"// initialise the counter to 0 if it doesn't exist already\nvar env_count = context.get('env_count')||0;\nenv_count += 1;\n// store the value back\ncontext.set('env_count',env_count);\n// make it part of the outgoing msg object\nmsg.env_count = env_count;\nreturn msg;\n","outputs":"1","noerr":0,"x":251,"y":261,"wires":[["5f58bc8a.006a64"]]},{"id":"ea6b0578.3ea1e8","type":"debug","z":"22409fba.2e272","name":"","active":true,"console":"false","complete":"false","x":957,"y":536,"wires":[]},{"id":"ca4b22a2.504d6","type":"debug","z":"22409fba.2e272","name":"Check Count","active":true,"console":"false","complete":"true","x":601,"y":195,"wires":[]},{"id":"9e8ac402.873948","type":"comment","z":"22409fba.2e272","name":"Readme First - Prior to Using this Subflow","info":"/************************************************/\n/** Added by Nitin Kulkarni                    **/\n/** IBM GBS                                    **/\n/** Date: 08/12/2017                           **/\n/** Modification History Add below             **/\n/**                                            **/\n/************************************************/\n\n==================================================\n============= IMPORTANT Note: ====================  \n  Please Remove Debug Nodes from this flow\n            prior to deployment\n==================================================\n==================================================\n\nIntro:\n------\n\nThis Subflow gets executed only once during the run.\n\nThe flow will read environment file and \npassword phrase file from the host and will \ndecrypt the strings kept in environment variable file. \nThe flow will also define following global variables \nfor the session. \n\nNote for making update to environment file:\n===========================================\n\nIf new rows are added to environemnt file \nthen remember to update the Node \n\"Receive Decrypted String and Define Global Variable\" to \ndefine addtional global variables.\n\n\nList of Global Variables:\n=========================\n\nglobal_conv_wks  ==> Conversation Workspace\nglobal_conv_usr  ==> Conversation User Name\nglobal_conv_pass ==> Conversation Password \n\n\nNode for the Deployment:\n========================\n\nCurrent Environment file name is: \nvar m_env_file      = 'SOE_environement_file_DEV';\n\nEnviornment File Name needs to be updted in the\nNode : \"Store Global File Path\".\n\n\nOther Variables are file path variables; \nthese path must be mapped to corresponding \nfolders on the host.\n\nvar m_base_key_path = \"/usr/src/node-red/keyfiles/\";\nvar m_base_log_path = \"/usr/src/node-red/logs/\";\n\n\n\nStructure of Environment Variable file\"\n=======================================\n\nconversation_workspace |<encryption flag Y or N> | <encrypted string>\nconversation_username  |<encryption flag Y or N> | <encrypted string>\nconversation_password  |<encryption flag Y or N> | <encrypted string>\n\n\n\n","x":371,"y":131,"wires":[]},{"id":"16767865.769588","type":"subflow:c3da9514.dc35f","z":"22409fba.2e272","name":"","x":884,"y":199,"wires":[["70003837.5fea6"]]},{"id":"70003837.5fea6","type":"debug","z":"22409fba.2e272","name":"","active":true,"console":"false","complete":"true","x":1010,"y":300,"wires":[]},{"id":"2a979759.66f528","type":"subflow:c3da9514.dc35f","z":"22409fba.2e272","name":"","x":160,"y":500,"wires":[["41743f39.1db94"]]},{"id":"cbb60a27.70c5e","type":"comment","z":"22409fba.2e272","name":"Subflow: Decrypt/Set Global Variables","info":"","x":451,"y":76,"wires":[]},{"id":"b03825f2.7636a8","type":"comment","z":"432885a0.d63e5c","name":"Readme First - Prior to Using this Subflow","info":"/************************************************/\n/** Added by Nitin Kulkarni                    **/\n/** IBM GBS                                    **/\n/** Date: 08/12/2017                           **/\n/** Modification History Add below             **/\n/**                                            **/\n/************************************************/\n\n==================================================\n============= IMPORTANT Note: ====================  \n  Please Remove Debug Nodes from this flow\n            prior to deployment\n==================================================\n==================================================\n\nIntro:\n------\n\nThis Subflow gets executed only once during the run.\n\nThe flow will read environment file and \npassword phrase file from the host and will \ndecrypt the strings kept in environment variable file. \nThe flow will also define following global variables \nfor the session. \n\nNote for making update to environment file:\n===========================================\n\nIf new rows are added to environemnt file \nthen remember to update the Node \n\"Receive Decrypted String and Define Global Variable\" to \ndefine addtional global variables.\n\n\nList of Global Variables:\n=========================\n\nglobal_conv_wks  ==> Conversation Workspace\nglobal_conv_usr  ==> Conversation User Name\nglobal_conv_pass ==> Conversation Password \n\n\nNode for the Deployment:\n========================\n\nCurrent Environment file name is: \nvar m_env_file      = 'SOE_environement_file_DEV';\n\nEnviornment File Name needs to be updted in the\nNode : \"Store Global File Path\".\n\n\nOther Variables are file path variables; \nthese path must be mapped to corresponding \nfolders on the host.\n\nvar m_base_key_path = \"/usr/src/node-red/keyfiles/\";\nvar m_base_log_path = \"/usr/src/node-red/logs/\";\n\n\n\nStructure of Environment Variable file\"\n=======================================\n\nconversation_workspace : <encrypted string>\nconversation_username  : <encrypted string>\nconversation_password  : <encrypted string>\n\n\n\n","x":380,"y":40,"wires":[]},{"id":"952b1f96.d583c","type":"subflow:22409fba.2e272","z":"432885a0.d63e5c","name":"","x":603,"y":206,"wires":[["4dab7bc3.925624"]]},{"id":"1812f4b1.88b653","type":"subflow:e47835fe.d52fc8","z":"432885a0.d63e5c","name":"","x":255,"y":208,"wires":[["952b1f96.d583c"]]},{"id":"723efc5.54b8b04","type":"comment","z":"432885a0.d63e5c","name":"Subflow: Docker Read Env file and Decrypt","info":"","x":412,"y":98,"wires":[]},{"id":"850a36cb.05bbf8","type":"function","z":"fedab7e0.a492b8","name":"Get Required Context from Files","func":"// Define Global Context from Here //\n\nvar CryptoJS = context.global.cryptojs;\nvar fs_read = context.global.fsfileread;\n\n// Define Global Context Upto Here //\n\n\nglobal_passwd_phrase_file = global.get(\"global_passwd_phrase_file\");\nvar password_phrase = fs_read.readFileSync(global_passwd_phrase_file, \"UTF8\");  \n\nvar string   = msg.payload;\nvar encrypted = CryptoJS.AES.encrypt(string, password_phrase);\nnode.log(\"NAK Encrypted : \"+ encrypted);\nmsg.payload = encrypted.toString();\n\nreturn msg;\n\n\n\n\n\n\n","outputs":1,"noerr":0,"x":285,"y":130,"wires":[[]]},{"id":"c07221d4.e3a99","type":"function","z":"432885a0.d63e5c","name":"set msg.payload","func":"\nvar m_curr_msg_hold = msg.payload; \nmsg.m_curr_hold = m_curr_msg_hold;\nreturn msg;","outputs":1,"noerr":0,"x":241,"y":139,"wires":[["1812f4b1.88b653"]]},{"id":"4dab7bc3.925624","type":"function","z":"432885a0.d63e5c","name":"Restore MSG","func":"//Restore MSG\n\n\nvar m_curr_msg_hold = msg.m_curr_hold; \nmsg.payload = m_curr_msg_hold;\nreturn msg;\n","outputs":1,"noerr":0,"x":637,"y":305,"wires":[[]]},{"id":"da8b2470.412f98","type":"debug","z":"432885a0.d63e5c","name":"check-hold-store","active":true,"console":"false","complete":"true","x":527,"y":145,"wires":[]},{"id":"63349c60.454c14","type":"function","z":"e138d138.dc358","name":"Execute SQL","func":"var sql = context.global.mssql;\n\n//msg.payload = {};\n\nvar m_server =  global.get(\"global_mssql_server\");  \nvar m_server_port =  global.get(\"global_mssql_server_port\"); \n\nvar m_database = global.get(\"global_mssql_db\");  \nvar m_mssql_user =  global.get(\"global_mssql_usr\");  \nvar m_mssql_passwd = global.get(\"global_mssql_pass\"); \n// Query Parameters \n\nvar m_sqlqry = msg.getsession.sqlsection.sqlquery;\n\n\nconst config = {\n    user: m_mssql_user,\n    password: m_mssql_passwd,\n    server: m_server,         \n    database: m_database,     \n    trustedconnection: 'No',\n    //domain: 'CORP',   //necessary for windows auth\n    port: m_server_port\n};\nsql.close();\nsql.connect(config).then(pool => {\n    // Query\n    \n    return pool.request()\n\n    // Passing Paramters \n//    .input('input_table_schema', sql.VarChar, m_param1)\n//    .input('input_table_name', sql.VarChar, m_param2)\n    .query(m_sqlqry);  \n\n    //.query(\"INSERT INTO [Watson].[VARegionsSession] ([convoUser],[convoTS],[convoSource],[convoPayload]) VALUES('\"+m_mssql_user+\"',CURRENT_TIMESTAMP,'udwasoeapp01 node-red','this is a test')\");\n\n}).then(result => {\n\n    //** Pass Result to Next node in the flow **/\n\n    //console.dir(result);\n    //node.error(\"NAK Result\");\n    msg.getsession.sqlsection.qry_result = result;\n    node.send(msg);\n\n}).catch(err => {\n    // ... error checks\n    node.error(\"ERR check\");\n    node.error(err);\n})\n\nsql.on('error', err => {\n    // ... error handler\n    node.error(\"SQL Error\");\n    node.error(err);\n})\n\n//return msg;","outputs":1,"noerr":0,"x":295.01422119140625,"y":174.0056915283203,"wires":[[]]},{"id":"fa2f7a7b.27f5f8","type":"debug","z":"2b55c82b.6ae508","name":"Display String to Encrypt","active":true,"console":"true","complete":"payload","x":630,"y":262,"wires":[]},{"id":"c8beb447.6fee78","type":"debug","z":"2b55c82b.6ae508","name":"Display Decrypted String (Revalidation)","active":true,"console":"false","complete":"payload","x":989,"y":498,"wires":[]},{"id":"13392ec0.ffd7f1","type":"comment","z":"88cc4fbf.7b8f","name":"Readme: Comments for Storing Password Decryption Supporting Files","info":"The following is what Retrive Password Node Expects\n====================================================\n\nPassword Phrase File Name:\"password_phrase.txt\"\n\nEncrypted String File Name: \"SOE_environment_file_DEV\"\n\nFiles are stored on some fodler on the host which are \nmap to the container folder \"/usr/src/node-red/keyfiles\"\n\nSample command to run the docker image:\n---------------------------------------\n\nFormat:\n\ndocker run  -it  \n-v /<host folder for keyfiles>/:/usr/src/node-red/keyfiles   \n-v /<host folder for log files>/:/usr/src/node-red/logs \n-p 1880:1880  <repository>/<image:tag>\n\nExample:\ndocker run -it \n-v /Users/nitinkul/Documents/nitinkulData-Dev/Docker/supportingFiles:/usr/src/node-red/keyfiles   \n-v /Users/nitinkul/Documents/nitinkulData-Dev/Docker/logs:/usr/src/node-red/logs \n-p 1880:1880  nitinkul/nk3","x":411,"y":30.00006103515625,"wires":[]},{"id":"16e99e43.776db2","type":"inject","z":"88cc4fbf.7b8f","name":"Inject String to Encrypt","topic":"","payload":"4frML2xqiKIL-Nitin-K-123","payloadType":"str","repeat":"","crontab":"","once":false,"x":186,"y":226.00006103515625,"wires":[["c8d908db.8af958","80113e0b.d5bca"]]},{"id":"c8d908db.8af958","type":"subflow:fedab7e0.a492b8","z":"88cc4fbf.7b8f","name":"","x":416,"y":248.00006103515625,"wires":[["8718b9ae.4b0f68"]]},{"id":"8718b9ae.4b0f68","type":"debug","z":"88cc4fbf.7b8f","name":"Encrypted String","active":true,"console":"false","complete":"payload","x":665,"y":248.00006103515625,"wires":[]},{"id":"c1ee1a15.8316d8","type":"comment","z":"88cc4fbf.7b8f","name":"Utility to Encrypt and Decrypt String - Pl. run Set Base File Path once before running Encyrpt/Decrypt flow","info":"Password Phrase is Taken from 'password_phrase.txt' from \nthe host folder.\n\nThis host folder should be mapped to '/usr/src/node-red/keyfiles'\n\nPrior to Running this make sure, \nflow for setting environemnt Variables \nare run (either local or Docker version - \nwhichever is applicable)","x":478,"y":69.00006103515625,"wires":[]},{"id":"ea98de37.165fe","type":"inject","z":"88cc4fbf.7b8f","name":"Inject String to Decrypt","topic":"","payload":"U2FsdGVkX19C6O/WO8Xb/d3J1FqjkpeWV5BwHecFdKs=","payloadType":"str","repeat":"","crontab":"","once":false,"x":201,"y":325.00006103515625,"wires":[["cc14784c.669858","53ade7d6.b35468"]]},{"id":"8d206f88.a14c6","type":"debug","z":"88cc4fbf.7b8f","name":"Decrypted String","active":true,"console":"false","complete":"payload","x":665,"y":308.00006103515625,"wires":[]},{"id":"80113e0b.d5bca","type":"debug","z":"88cc4fbf.7b8f","name":"Input String to Encrypt","active":true,"console":"false","complete":"payload","x":422,"y":207.00006103515625,"wires":[]},{"id":"cc14784c.669858","type":"debug","z":"88cc4fbf.7b8f","name":"Input String to Decrypt","active":true,"console":"false","complete":"payload","x":428,"y":345.00006103515625,"wires":[]},{"id":"37f0ef1e.14fe","type":"debug","z":"88cc4fbf.7b8f","name":"","active":true,"console":"false","complete":"false","x":689,"y":442.9996337890625,"wires":[]},{"id":"9389774a.63bd18","type":"inject","z":"88cc4fbf.7b8f","name":"","topic":"","payload":"","payloadType":"date","repeat":"","crontab":"","once":false,"x":153,"y":440.249755859375,"wires":[["ebcd8e6b.9df08"]]},{"id":"fea95eba.5fe","type":"inject","z":"88cc4fbf.7b8f","name":"","topic":"","payload":"","payloadType":"date","repeat":"","crontab":"","once":false,"x":153,"y":482.249755859375,"wires":[["6d61d215.ea8c1c"]]},{"id":"aa9a6c3.bff159","type":"debug","z":"88cc4fbf.7b8f","name":"","active":true,"console":"false","complete":"false","x":688,"y":481.999755859375,"wires":[]},{"id":"c386b06a.31714","type":"comment","z":"88cc4fbf.7b8f","name":"Readme: Sample Flow to Read Strings from Environemnt File and Decrypt","info":"The flow varifies, if global variables are already set, \nif they are set then it bypaases reset of the flow and displays\nvaraibles and run count.\n-----------------------------------------------------------------\n\nThe flow reads the encrypted strings from the the fie\n\"SOE_environment_file_DEV\" from the host folder.\n\nPassword Phrase is Taken from 'password_phrase.txt' from \nthe host folder.\n\nThis host folder should be mapped to '/usr/src/node-red/keyfiles'\n\nPrior to Running this make sure, \nflow for setting environemnt Variables \nare run (either local or Docker version - \nwhichever is applicable)","x":429,"y":398.9998779296875,"wires":[]},{"id":"53ade7d6.b35468","type":"subflow:a0a6fe05.08241","z":"88cc4fbf.7b8f","name":"","x":416,"y":306.00006103515625,"wires":[["8d206f88.a14c6"]]},{"id":"ebcd8e6b.9df08","type":"subflow:9d1bbf96.bcfb6","z":"88cc4fbf.7b8f","name":"","x":429,"y":441.999755859375,"wires":[["37f0ef1e.14fe"]]},{"id":"6d61d215.ea8c1c","type":"subflow:432885a0.d63e5c","z":"88cc4fbf.7b8f","name":"","x":439,"y":481.999755859375,"wires":[["aa9a6c3.bff159"]]},{"id":"939392ab.10ee5","type":"inject","z":"88cc4fbf.7b8f","name":"","topic":"","payload":"","payloadType":"date","repeat":"","crontab":"","once":false,"x":148,"y":109.00006103515625,"wires":[["19867297.539a6d"]]},{"id":"19867297.539a6d","type":"subflow:9739fa7b.6a44c","z":"88cc4fbf.7b8f","x":408,"y":107.00006103515625,"wires":[["72608651.85f038"]]},{"id":"72608651.85f038","type":"debug","z":"88cc4fbf.7b8f","name":"","active":true,"console":"false","complete":"false","x":661,"y":107.00006103515625,"wires":[]},{"id":"9ab5d585.74d788","type":"inject","z":"88cc4fbf.7b8f","name":"","topic":"","payload":"","payloadType":"date","repeat":"","crontab":"","once":false,"x":145,"y":145.00006103515625,"wires":[["e57e3b8b.e52088"]]},{"id":"e57e3b8b.e52088","type":"subflow:e47835fe.d52fc8","z":"88cc4fbf.7b8f","x":412,"y":143.00006103515625,"wires":[["6fe173c0.913eac"]]},{"id":"6fe173c0.913eac","type":"debug","z":"88cc4fbf.7b8f","name":"","active":true,"console":"false","complete":"false","x":660,"y":144.00006103515625,"wires":[]},{"id":"5964521a.98a7bc","type":"inject","z":"88cc4fbf.7b8f","name":"","topic":"","payload":"","payloadType":"date","repeat":"","crontab":"","once":false,"x":175,"y":634.0001220703125,"wires":[["2f14c391.d5acbc"]]},{"id":"2f14c391.d5acbc","type":"subflow:d2a72cb.278545","z":"88cc4fbf.7b8f","name":"","x":402,"y":634.0001220703125,"wires":[["e2fa69f7.69ccd8"]]},{"id":"e2fa69f7.69ccd8","type":"debug","z":"88cc4fbf.7b8f","name":"","active":true,"console":"false","complete":"false","x":625,"y":633.0001220703125,"wires":[]},{"id":"14b68e6.7c0d172","type":"subflow:88873225.280a6","z":"88cc4fbf.7b8f","name":"","x":419,"y":571.0001220703125,"wires":[["bd129e9f.7af43"]]},{"id":"ea71a86d.d55308","type":"inject","z":"88cc4fbf.7b8f","name":"","topic":"","payload":"","payloadType":"date","repeat":"","crontab":"","once":false,"x":183,"y":570.0001220703125,"wires":[["14b68e6.7c0d172"]]},{"id":"bd129e9f.7af43","type":"debug","z":"88cc4fbf.7b8f","name":"","active":true,"console":"false","complete":"false","x":635,"y":571.0001220703125,"wires":[]},{"id":"294ba335.8052ec","type":"comment","z":"88cc4fbf.7b8f","name":"Readme First - Prior to Using this Batch Encryption Subflow","info":"/************************************************/\n/** Added by Nitin Kulkarni                    **/\n/** IBM GBS                                    **/\n/** Date: 08/18/2017                           **/\n/** Modification History Add below             **/\n/**                                            **/\n/************************************************/\n\n==================================================\n============= IMPORTANT Note: ====================  \n  Please Remove Debug Nodes from this flow\n            prior to deployment\n==================================================\n==================================================\n\nIntro:\n------\n\nThis flow is utility to allow mass encryption.\n\nFiles Used by this flow-\n\nPassword Phrase File: \"password_phrase.txt\"\nInput enviornment file Name: \"SOE_environment_file_input\"\n\nOutput file Name: \"SOE_environment_file_output\"\nRevalidation (Reverse encryption) file : \"SOE_environment_revalidation_output\"\n\n\nThese files should be kept in the supporting file folder\n\nStructure of Input file:\n------------------------\nSubject                       Flag  Value\n=======                       ====  ====================================\nconversation_workspace        |R|   321e996d-efee-42a0-8aed-3dc93006a026\nmf_ivrh_url                   |N|   https://devl:16180/iv/IVRH\n\nFlag 'R' indicates - Value needs to be encrypted\n     'N' indicate4s - encryption is not needed and can be pass as is\n\n\nHow Flow Works:\n---------------\n\nThe flow will read Input environment file, will used password phrase from the \npassword phrase file.\n\nThe flow will use Crypto-JS/AES algorithm and will encrypt the value based on the flag.\nEach line from Inputfile will be written to the output file, \nIn the output file -\n   on encryped rows, the flag will be set to \"Y\"\n   on pass-thru lines the flag will remain asis i.e. \"N\"\n   \n\nRevalidation File:\n=================\nThe purpose of revalidation flow, is pass the encrypted string to the\ndecrypt function and generate the orginal string for the verification.\n\nThe flow will generate revalidation file.\n\n","x":393,"y":526,"wires":[]},{"id":"c711f91c.f14228","type":"MSSQL-UCG","z":"3da428e.f615fd8","mssqlCN":"7886df16.fa8e58","name":"Pass Param","query":"","outField":"payload","x":421.0000305175781,"y":217.00568771362305,"wires":[["f76fe8aa.0c5e58","d7c2195f.5524f8"]]},{"id":"88d43b37.0e6a58","type":"function","z":"3da428e.f615fd8","name":"Connect to MS-SQL Server","func":"var m_server =  global.get(\"global_mssql_server\");  \nvar m_server_port =  global.get(\"global_mssql_server_port\"); \n\nvar m_database = global.get(\"global_mssql_db\");  \nvar m_mssql_user =  global.get(\"global_mssql_usr\");  \nvar m_mssql_passwd = global.get(\"global_mssql_pass\"); \n/** Set msg Properties **/\nmsg.user = m_mssql_user;\nmsg.password = m_mssql_passwd;\nmsg.server=  m_server;  \nmsg.database = m_database;      \n//msg.trustedconnection=  'No';\nmsg.port= m_server_port;\nm_curr_user = msg.getsession.session_user;\n\nm_user = \"'\"+m_curr_user+\"'\";    \nm_diff = \"DATEADD(MINUTE,-5,SYSDATETIME())\";\nm_qry = \"\";\nm_qry = m_qry + \"select a.convoTS, a.convoSource, a.convoPayload \";\nm_qry = m_qry + \" from Watson.VARegionsSession a \";\nm_qry = m_qry + \" where a.convoUser = \" +m_user;\nm_qry = m_qry + \"  and a.convoTS = (select max(b.ConvoTS) from \";\nm_qry = m_qry + \"                    Watson.VARegionsSession b \";\nm_qry = m_qry + \"                    where a.convoUser = b.convoUser \";\nm_qry = m_qry + \"                  ) \";\nm_qry = m_qry + \"  and a.convoTS >=  \"+m_diff;\n//m_qry = m_qry + \" )\"\nmsg.payload =m_qry;\n\n/** Save Query in msg object **/\n\nmsg.getsession.sqlsection.sqlquery = m_qry;\n\nreturn msg;\n\n\n\n\n\n","outputs":1,"noerr":0,"x":199.21875,"y":215.94874382019043,"wires":[["c711f91c.f14228"]]},{"id":"28175ac7.8dfc86","type":"function","z":"3da428e.f615fd8","name":"Restore MSG","func":"//Restore MSG\n\nmsg.payload = msg.m_curr_hold;\nreturn msg;\n","outputs":1,"noerr":0,"x":540.0141983032227,"y":149.0056858062744,"wires":[[]]},{"id":"d7c2195f.5524f8","type":"debug","z":"3da428e.f615fd8","name":"Get session SQL Return","active":true,"console":"false","complete":"true","x":342.2471046447754,"y":309.61645793914795,"wires":[]},{"id":"6550960e.aaf95","type":"function","z":"30457e8.8729482","name":"Define Insert loggin-VARegionsLog","func":"/*** Save msg.payload **/\nmsg.m_curr_hold =  msg.payload;\n\nnode.error(\"Define Insert loggin-VARegionsLog\");\nnode.error( msg);\n\n//*** Puopulate Log Variables ***// \n\nvar m_output_rcvd = msg.payload.output.text[0];\nvar m_input_rcvd = msg.payload.input.text;\nnode.error(m_output_rcvd);\nnode.error(m_input_rcvd);\n\n\nm_clean_string_output = my_find_repl (m_output_rcvd,\"\\'\");\nm_clean_string_input = my_find_repl (m_input_rcvd,\"\\'\");\n\n\nfunction my_find_repl (m_init_string,find_string) {\n while ( (findindex = m_init_string.lastIndexOf(find_string)) > 0)\n {\n m_init_string = m_init_string.replace(find_string,\"\");\n }\n return m_init_string;\n}\n\nnode.error(\"m_clean_string-1\");\nnode.error(m_clean_string_output);\nnode.error(m_clean_string_input);\n\n\nvar m_unique_UserID = msg.getsession.session_user; \nvar m_loggingtimestamp = 'SYSDATETIME()'; \n    var currentIntent = \" \";\n    var currentConfidence = 0;\n        node.error(\"Before If Statement \");\n        node.error(msg.payload);\n        var m_array_length = msg.payload.intents.length;\n        node.error(\"Array Length : \"+ m_array_length );\n\nif (m_array_length === 0)\n{\n    node.error(\"I am here inside if -no Intent found\");\n    currentIntent = \"any_thing_else\";\n}\nelse {\n  currentIntent = msg.payload.intents[0].intent;\n  currentConfidence =msg.payload.intents[0].confidence;\n}\n//var currentConfidence =msg.payload.intents[0].confidence;\nvar currentInputText =m_clean_string_input;\nvar currentOutputText =m_clean_string_output;\nvar currentRepeatRequestCount = msg.payload.context.RepeatRequestCount;\nvar currentFlowRepeatRequestCount = msg.payload.context.FlowRepeatRequestCount;\nvar currentUserID =m_unique_UserID;\nvar currentPhoneFrom =msg.payload.context.vgwSIPFromURI.substring(4,14);\nvar startTimeStamp = 'SYSDATETIME()'; \nvar conversationID=msg.payload.context.conversation_id;\nvar channel = msg.payload.context.channel;\n\n\nvar ins_userID = \"'\" +m_unique_UserID + \"'\";\nvar ins_loggingtimestamp = m_loggingtimestamp ; \nvar ins_currentIntent = \"'\" + currentIntent + \"'\";\nvar ins_currentConfidence = currentConfidence ;\nvar ins_currentInputText = \"'\" + currentInputText + \"'\"; \nvar ins_currentOutputText = \"'\" + currentOutputText + \"'\";\nvar ins_currentRepeatRequestCount = currentRepeatRequestCount;\nvar ins_currentFlowRepeatRequestCount = currentFlowRepeatRequestCount;\nvar ins_currentUserID = \"'\" + currentUserID + \"'\"; \nvar ins_currentPhoneFrom =currentPhoneFrom ;\nvar ins_startTimeStamp = startTimeStamp; \nvar ins_conversationID = \"'\" + conversationID + \"'\"; \nvar ins_channel = \"'\" + channel + \"'\";\n\nm_qry = \"\";\n\nm_qry = m_qry + \"insert into watson.VARegionsLog (userid, loggingtimestamp,currentIntent, currentConfidence, \";\nm_qry = m_qry + \"currentInputText,currentOutputText, currentRepeatRequestCount, currentFlowRepeatRequestCount,\";\nm_qry = m_qry + \"currentUserID, currentPhoneFrom,startTimeStamp,conversationID, channel) values (\";\nm_qry = m_qry + ins_userID + \",\" + ins_loggingtimestamp + \",\" + ins_currentIntent + \",\" + ins_currentConfidence + \",\";\nm_qry = m_qry + ins_currentInputText + \",\" +ins_currentOutputText + \",\" + ins_currentRepeatRequestCount + \",\";\nm_qry = m_qry + ins_currentFlowRepeatRequestCount + \",\" + ins_currentUserID + \",\" + ins_currentPhoneFrom + \",\";\nm_qry = m_qry + ins_startTimeStamp + \",\" + ins_conversationID + \",\" + ins_channel + \")\";\n\n\nmsg.getsession.sqlsection.sqlquery = m_qry;  \nnode.error(\"Define Insert loggin-VARegionsLog Query:\");\nnode.error(msg.getsession.sqlsection.sqlquery);\n/** Set msg Properties **/\nvar m_server =  global.get(\"global_mssql_server\");  \nvar m_server_port =  global.get(\"global_mssql_server_port\"); \nvar m_database = global.get(\"global_mssql_db\");  \nvar m_mssql_user =  global.get(\"global_mssql_usr\");  \nvar m_mssql_passwd = global.get(\"global_mssql_pass\"); \n\nmsg.user = m_mssql_user;\nmsg.password = m_mssql_passwd;\nmsg.server=  m_server;  \nmsg.database = m_database;      \n//msg.trustedconnection=  'No';\nmsg.port= m_server_port;\nmsg.payload = m_qry;\nreturn msg;","outputs":1,"noerr":0,"x":281,"y":90,"wires":[["7f197f8b.f42a9"]]},{"id":"a03a6e60.1ce828","type":"function","z":"30457e8.8729482","name":"Define Insert Query - VARegionsSession","func":"node.error(\"Inside VARegionsSession insert\");\nnode.error(msg);\n\nvar m_clean_string = msg.payload;\n\nm_clean_string = my_find_repl (m_clean_string,\"\\'\");\n\nfunction my_find_repl (m_init_string,find_string) {\n while ( (findindex = m_init_string.lastIndexOf(find_string)) > 0)\n {\n m_init_string = m_init_string.replace(find_string,\"\");\n }\n return m_init_string;\n}\n\n\nvar m_unique_UserID = msg.getsession.session_user;\nm_ConvoUser = \"'\"+ m_unique_UserID + \"'\";\nm_convoTs = 'SYSDATETIME()';\nm_convoSource = \"'\"+ msg.m_curr_hold.context.channel + \"'\";\nm_convoPayload = \"'\"+ m_clean_string + \"'\";\n \nm_qry = \"\";\nm_qry = m_qry + \"insert into Watson.VARegionsSession (convoUser,convoTS, a.convoSource, a.convoPayload ) \";\nm_qry = m_qry + \" values (\";\nm_qry = m_qry + m_ConvoUser + \",\" + m_convoTs +\",\" + m_convoSource +\",\" + m_convoPayload;\nm_qry = m_qry + \")\";\nmsg.getsession.sqlsection.sqlquery = m_qry; \n\n/** Set msg Properties **/\nvar m_server =  global.get(\"global_mssql_server\");  \nvar m_server_port =  global.get(\"global_mssql_server_port\"); \nvar m_database = global.get(\"global_mssql_db\");  \nvar m_mssql_user =  global.get(\"global_mssql_usr\");  \nvar m_mssql_passwd = global.get(\"global_mssql_pass\"); \n\nmsg.user = m_mssql_user;\nmsg.password = m_mssql_passwd;\nmsg.server=  m_server;  \nmsg.database = m_database;      \n//msg.trustedconnection=  'No';\nmsg.port= m_server_port;\nmsg.payload = m_qry;\n\nreturn msg;","outputs":1,"noerr":0,"x":226.99999237060547,"y":401.9999027252197,"wires":[["1bb10eef.891261"]]},{"id":"47e5311a.88cca","type":"json","z":"30457e8.8729482","name":"","pretty":false,"x":151.77263641357422,"y":336.499906539917,"wires":[["a03a6e60.1ce828","dabf103b.0aeba8"]]},{"id":"ad613488.a3b9c8","type":"function","z":"30457e8.8729482","name":"Restore MSG.Payload (1)","func":"node.error(\"Restore MSG.Payload (1)\");\n//msg.getsession.sqlsection.qry_result = msg.payload;\nmsg.payload = msg.m_curr_hold;  \nnode.error(msg);\nreturn msg;","outputs":1,"noerr":0,"x":212.77270889282227,"y":282.6079216003418,"wires":[["47e5311a.88cca","d6aca278.036c28"]]},{"id":"dabf103b.0aeba8","type":"debug","z":"30457e8.8729482","name":"nak1","active":true,"console":"false","complete":"true","x":490.7699165344238,"y":329.94882583618164,"wires":[]},{"id":"7f197f8b.f42a9","type":"MSSQL-UCG","z":"30457e8.8729482","mssqlCN":"7886df16.fa8e58","name":"Pass Param (1)","query":"","outField":"payload","x":164.99999237060547,"y":234.2727174758911,"wires":[["ad613488.a3b9c8","ebe6fc5d.7faba"]]},{"id":"1bb10eef.891261","type":"MSSQL-UCG","z":"30457e8.8729482","mssqlCN":"7886df16.fa8e58","name":"Pass Param","query":"","outField":"payload","x":519.0000076293945,"y":407.6363754272461,"wires":[["dbabe865.77d84"]]},{"id":"dbabe865.77d84","type":"function","z":"30457e8.8729482","name":"Restore MSG.Payload (2)","func":"//msg.getsession.sqlsection.qry_result = msg.payload;\nmsg.payload = msg.m_curr_hold;  \nreturn msg;","outputs":1,"noerr":0,"x":549.6363906860352,"y":473.0000057220459,"wires":[["e04c5c19.e7b058"]]},{"id":"d6aca278.036c28","type":"debug","z":"30457e8.8729482","name":"Restore MSG.payload (1)","active":true,"console":"false","complete":"true","x":516.7755737304688,"y":271.6761074066162,"wires":[]},{"id":"e04c5c19.e7b058","type":"debug","z":"30457e8.8729482","name":"Restore msg.payload (2)","active":true,"console":"false","complete":"true","x":752.312421798706,"y":330.4942798614502,"wires":[]},{"id":"ebe6fc5d.7faba","type":"debug","z":"30457e8.8729482","name":"insert row(1)","active":true,"console":"false","complete":"true","x":500.7670211791992,"y":186.04261112213135,"wires":[]}]