[{"id":"f67be931.26aad","type":"tab","label":"CVP APIs","disabled":false,"info":"http endpoints for CVP APIs\n\n/CVP/GetCallData\n/CVP/PutCallData\n/CVP/DelCallData"},{"id":"e47835fe.d52fc8","type":"subflow","name":"Set Base File Path (Docker)","info":"","in":[{"x":180,"y":142,"wires":[{"id":"cf1d46ee.12e688"}]}],"out":[{"x":659,"y":139,"wires":[{"id":"cf1d46ee.12e688","port":0}]}]},{"id":"c3da9514.dc35f","type":"subflow","name":"Check Global Variables","info":"","in":[{"x":100,"y":140,"wires":[{"id":"404429fd.2948e"}]}],"out":[{"x":460,"y":140,"wires":[{"id":"404429fd.2948e","port":0}]}]},{"id":"a0a6fe05.08241","type":"subflow","name":"Decrypt the String","info":"","in":[{"x":209,"y":162,"wires":[{"id":"ce7128b9.1c7ca8"}]}],"out":[{"x":614,"y":162,"wires":[{"id":"ce7128b9.1c7ca8","port":0}]}]},{"id":"1e02b17b.fccab7","type":"subflow","name":"Decrypt/Set Global Variables (2) (2)","info":"Date: 08/14/2017-\n\nNew Subflow Created to share logic between\nLocal and Docker flow.","in":[{"x":67,"y":137,"wires":[{"id":"b67498fc.107c5"}]}],"out":[{"x":340,"y":480,"wires":[{"id":"81688c51.d4915","port":1},{"id":"5051b44e.f326d8","port":0}]}]},{"id":"c38dd75c.4ebba8","type":"subflow","name":"Docker Read Env file and Decrypt (2) (2)","info":"","in":[{"x":92,"y":117,"wires":[{"id":"9d5871a3.f9e9b"}]}],"out":[{"x":817,"y":304,"wires":[{"id":"2c117108.19b23a","port":0}]}]},{"id":"7886df16.fa8e58","type":"MSSQL-UCG-CN","z":"","name":"","server":"","port":"","encyption":true,"database":""},{"id":"ad9dbed.e07a","type":"MSSQL-UCGv2-CN","z":"","name":"Pass Param Get","server":"","port":"","encyption":true,"database":"","pool":"","connectionTimeout":"16000","requestTimeout":""},{"id":"7d54d6b0.a0ad18","type":"MSSQL-UCGv2-CN","z":"","name":"Pass Param Put","server":"","port":"","encyption":true,"database":"","pool":"","connectionTimeout":"16000","requestTimeout":""},{"id":"53bbd8e4.b9cad","type":"MSSQL-UCGv2-CN","z":"","name":"Pass Param Del","server":"","port":"","encyption":true,"database":"","pool":"","connectionTimeout":"16000","requestTimeout":""},{"id":"cf1d46ee.12e688","type":"function","z":"e47835fe.d52fc8","name":"Set Base File Paths (Docker)","func":"var m_base_key_path = \"/usr/src/node-red/keyfiles/\";\nvar m_base_log_path = \"/usr/src/node-red/logs/\";\nvar m_env_file      = 'SOE_environment_file';\n\nglobal.set(\"global_file_path_key_files\",m_base_key_path);\nglobal.set(\"global_passwd_phrase_file\",m_base_key_path+\"password_phrase.txt\");\nglobal.set(\"global_logfile_path\",m_base_log_path+\"logs/\");\n\n\nmsg.filename = m_base_key_path + m_env_file;\n\nreturn msg;","outputs":1,"noerr":0,"x":415,"y":220,"wires":[[]]},{"id":"70ac9c3e.42906c","type":"comment","z":"e47835fe.d52fc8","name":"Subflow: Set Base File Paths (Docker)","info":"","x":403,"y":79,"wires":[]},{"id":"404429fd.2948e","type":"function","z":"c3da9514.dc35f","name":"Check Global Variables","func":"msg.payload = {};\n\nmsg.payload.global_conv_wks = global.get(\"global_conv_wks\");\nmsg.payload.global_conv_usr = global.get(\"global_conv_usr\");\nmsg.payload.global_conv_pass = global.get(\"global_conv_pass\");\n\nmsg.payload.global_stt_usr = global.get(\"global_stt_usr\");\nmsg.payload.global_stt_pass = global.get(\"global_stt_pass\");\nmsg.payload.global_tts_usr = global.get(\"global_tts_usr\");\nmsg.payload.global_tts_pass = global.get(\"global_tts_pass\");\n\nmsg.payload.global_mf_ivrh_url = global.get(\"global_mf_ivrh_url\");\nmsg.payload.global_mf_ivth_url = global.get(\"global_mf_ivth_url\");\nmsg.payload.global_HUSERID  = global.get(\"global_HUSERID\");\n\nmsg.payload.global_mssql_server = global.get(\"global_mssql_server\");  \nmsg.payload.global_mssql_db = global.get(\"global_mssql_db\");  \nmsg.payload.global_mssql_usr = global.get(\"global_mssql_usr\");  \nmsg.payload.global_mssql_pass = global.get(\"global_mssql_pass\");  \n\nmsg.payload.global_vgwactplay_url = global.get(\"global_vgwactplay_url\");\nmsg.payload.global_watson_stt_url = global.get(\"global_watson_stt_url\");\nmsg.payload.global_watson_tts_url = global.get(\"global_watson_tts_url\");\nmsg.payload.global_vgw_optout = global.get(\"global_vgw_optout\");\nmsg.payload.global_stt_customization_id = global.get(\"global_stt_customization_id\");\nmsg.payload.global_tts_customization_id = global.get(\"global_tts_customization_id\");\nmsg.payload.global_mssql_pool = global.get(\"global_mssql_pool\");\nnode.error(msg);\n\nreturn msg;\n","outputs":1,"noerr":0,"x":290,"y":140,"wires":[["8f43c44f.d329c8"]]},{"id":"91d29992.bdd6a8","type":"comment","z":"c3da9514.dc35f","name":"Subflow - Check Global Variables","info":"","x":324,"y":66,"wires":[]},{"id":"ce7128b9.1c7ca8","type":"function","z":"a0a6fe05.08241","name":"Decrypt the String","func":"// Define Global Context from Here //\n\nvar CryptoJS = context.global.cryptojs;\nvar fs_read = context.global.fsfileread;\n\n// Define Global Context Upto Here //\n\n\nglobal_passwd_phrase_file = global.get(\"global_passwd_phrase_file\");\n\nvar password_phrase = fs_read.readFileSync(global_passwd_phrase_file, \"UTF8\");  \n\nvar encrypted_passwd   = msg.payload;\n\nvar decrypted = CryptoJS.AES.decrypt(encrypted_passwd, password_phrase);\n\nmsg.payload = decrypted.toString(CryptoJS.enc.Utf8);\n\n\nreturn msg;\n\n\n\n\n\n\n","outputs":1,"noerr":0,"x":413,"y":162,"wires":[[]]},{"id":"36c0ab09.b5e0cc","type":"debug","z":"1e02b17b.fccab7","name":"","active":true,"console":"false","complete":"true","x":350,"y":560,"wires":[]},{"id":"c28465e5.ce52d","type":"read-line","z":"1e02b17b.fccab7","name":"Read one line from \"environment_file\"","topic":"","file":"","offset":0,"limit":0,"x":202,"y":346,"wires":[["c9998e1b.944128"],["5051b44e.f326d8"]]},{"id":"c9998e1b.944128","type":"function","z":"1e02b17b.fccab7","name":"Receive String to Decrypt ","func":"var m_string = msg.payload;\n\nif (m_string.lastIndexOf(\"|\") >= 0 ) {\nmsg.string = msg.payload.split(\"|\");\nmessage1  =msg.string[0].trim();\nmsg_flag  =msg.string[1].trim();\nmessage2  =msg.string[2].trim();\n} else {\n    \n    var message1 = \"\";\n    var msg_flag = \"N\";\n    var message2 = \" \";\n}\n\n//msg.payload ={};\nmsg.topic = message1;\nmsg.payload = message2;\nmsg.flag = msg_flag;\nmsg.m_value = message2;\n\nreturn msg;","outputs":1,"noerr":0,"x":577,"y":340,"wires":[["673aa5a.d99a39c"]]},{"id":"673aa5a.d99a39c","type":"switch","z":"1e02b17b.fccab7","name":"Check if encrypted","property":"flag","propertyType":"msg","rules":[{"t":"eq","v":"Y","vt":"str"},{"t":"else"}],"checkall":"true","outputs":2,"x":565,"y":429,"wires":[["a2967e25.92282"],["56c159b0.071eac"]]},{"id":"81688c51.d4915","type":"switch","z":"1e02b17b.fccab7","name":"Check Count","property":"env_count","propertyType":"msg","rules":[{"t":"eq","v":"1","vt":"str"},{"t":"else"}],"checkall":"true","outputs":2,"x":605,"y":261,"wires":[["c28465e5.ce52d","5807b3fd.a85574"],[]]},{"id":"a2967e25.92282","type":"subflow:a0a6fe05.08241","z":"1e02b17b.fccab7","name":"","x":824.9999465942383,"y":404.99995136260986,"wires":[["56c159b0.071eac"]]},{"id":"56c159b0.071eac","type":"function","z":"1e02b17b.fccab7","name":"Receive Decrypted String and Define Global Variable","func":"//msg.string = msg.payload.split(\":\");\n//message1  =msg.string[0].trim();\n//message2  =msg.string[1].trim();\n\nmessage1  =msg.topic; \nmessage2  =msg.payload;\nmsg_flag  =msg.flag;\n\n\n\nnode.log(\"NAK2- message1 : =>\"+ message1);\nnode.log(\"NAK2-Decrypted message2 : =>\"+ message2);\n\n\nif (message1==\"conversation_workspace\"){\n    global.set(\"global_conv_wks\",message2);\n}\nif (message1==\"conversation_username\"){\n    global.set(\"global_conv_usr\",message2);\n}\nif (message1==\"conversation_password\"){\n    global.set(\"global_conv_pass\",message2);\n}\nif (message1==\"stt_username\"){\n    global.set(\"global_stt_usr\",message2);\n}\nif (message1==\"stt_password\"){\n    global.set(\"global_stt_pass\",message2);\n}\n\nif (message1==\"tts_username\"){\n    global.set(\"global_tts_usr\",message2);\n}\nif (message1==\"tts_password\"){\n    global.set(\"global_tts_pass\",message2);\n}\nif (message1==\"mf_ivrh_url\"){\n    global.set(\"global_mf_ivrh_url\",message2);\n}\nif (message1==\"mf_ivth_url\"){\n    global.set(\"global_mf_ivth_url\",message2);\n}\nif (message1==\"HUSERID\"){\n    global.set(\"global_HUSERID\",message2);\n}\nif (message1==\"mssql_server\"){\n    global.set(\"global_mssql_server\",message2);\n}\nif (message1==\"mssql_server_port\"){\n    global.set(\"global_mssql_server_port\",message2);\n}\nif (message1==\"mssql_server_database\"){\n    global.set(\"global_mssql_db\",message2);\n}\nif (message1==\"mssql_server_username\"){\n    global.set(\"global_mssql_usr\",message2);\n}\nif (message1==\"mssql_user_password\"){\n    global.set(\"global_mssql_pass\",message2);\n}\nif (message1==\"vgwActPlayUrl\"){\n    global.set(\"global_vgwactplay_url\",message2);\n}\nif (message1==\"watson_stt_api\"){\n    global.set(\"global_watson_stt_url\",message2);\n}\nif (message1==\"watson_tts_api\"){\n    global.set(\"global_watson_tts_url\",message2);\n}\nif (message1==\"vgw_optout\"){\n    global.set(\"global_vgw_optout\",message2);\n}\nif (message1==\"stt_customization_id\"){\n    global.set(\"global_stt_customization_id\",message2);\n}\nif (message1==\"tts_customization_id\"){\n    global.set(\"global_tts_customization_id\",message2);\n}\nif (message1==\"mssql_pool\"){\n    global.set(\"global_mssql_pool\",message2);\n}\nreturn [msg] \n\n","outputs":1,"noerr":0,"x":649,"y":530,"wires":[[]]},{"id":"b67498fc.107c5","type":"function","z":"1e02b17b.fccab7","name":"Check the Count to Exectute the subflow only once per run","func":"// initialise the counter to 0 if it doesn't exist already\nvar env_count = context.get('env_count')||0;\nenv_count += 1;\n// store the value back\ncontext.set('env_count',env_count);\n// make it part of the outgoing msg object\nmsg.env_count = env_count;\nreturn msg;\n","outputs":"1","noerr":0,"x":251,"y":261,"wires":[["81688c51.d4915"]]},{"id":"860f43dc.e5fb58","type":"debug","z":"1e02b17b.fccab7","name":"","active":true,"console":"false","complete":"false","x":957,"y":536,"wires":[]},{"id":"643bc307.55cf8","type":"debug","z":"1e02b17b.fccab7","name":"Check Count","active":true,"console":"false","complete":"true","x":601,"y":195,"wires":[]},{"id":"207e6823.6921dc","type":"comment","z":"1e02b17b.fccab7","name":"Readme First - Prior to Using this Subflow","info":"/************************************************/\n/** Added by Nitin Kulkarni                    **/\n/** IBM GBS                                    **/\n/** Date: 08/12/2017                           **/\n/** Modification History Add below             **/\n/**                                            **/\n/************************************************/\n\n==================================================\n============= IMPORTANT Note: ====================  \n  Please Remove Debug Nodes from this flow\n            prior to deployment\n==================================================\n==================================================\n\nIntro:\n------\n\nThis Subflow gets executed only once during the run.\n\nThe flow will read environment file and \npassword phrase file from the host and will \ndecrypt the strings kept in environment variable file. \nThe flow will also define following global variables \nfor the session. \n\nNote for making update to environment file:\n===========================================\n\nIf new rows are added to environemnt file \nthen remember to update the Node \n\"Receive Decrypted String and Define Global Variable\" to \ndefine addtional global variables.\n\n\nList of Global Variables:\n=========================\n\nglobal_conv_wks  ==> Conversation Workspace\nglobal_conv_usr  ==> Conversation User Name\nglobal_conv_pass ==> Conversation Password \n\n\nNode for the Deployment:\n========================\n\nCurrent Environment file name is: \nvar m_env_file      = 'SOE_environement_file_DEV';\n\nEnviornment File Name needs to be updted in the\nNode : \"Store Global File Path\".\n\n\nOther Variables are file path variables; \nthese path must be mapped to corresponding \nfolders on the host.\n\nvar m_base_key_path = \"/usr/src/node-red/keyfiles/\";\nvar m_base_log_path = \"/usr/src/node-red/logs/\";\n\n\n\nStructure of Environment Variable file\"\n=======================================\n\nconversation_workspace |<encryption flag Y or N> | <encrypted string>\nconversation_username  |<encryption flag Y or N> | <encrypted string>\nconversation_password  |<encryption flag Y or N> | <encrypted string>\n\n\n\n","x":371,"y":131,"wires":[]},{"id":"5807b3fd.a85574","type":"subflow:c3da9514.dc35f","z":"1e02b17b.fccab7","name":"","x":884,"y":199,"wires":[["7e9d5e42.3b72c8"]]},{"id":"7e9d5e42.3b72c8","type":"debug","z":"1e02b17b.fccab7","name":"","active":true,"console":"false","complete":"true","x":1010,"y":300,"wires":[]},{"id":"5051b44e.f326d8","type":"subflow:c3da9514.dc35f","z":"1e02b17b.fccab7","name":"","x":160,"y":500,"wires":[["36c0ab09.b5e0cc"]]},{"id":"b203482a.451c98","type":"comment","z":"1e02b17b.fccab7","name":"Subflow: Decrypt/Set Global Variables","info":"","x":451,"y":76,"wires":[]},{"id":"23371acd.5e9462","type":"comment","z":"c38dd75c.4ebba8","name":"Readme First - Prior to Using this Subflow","info":"/************************************************/\n/** Added by Nitin Kulkarni                    **/\n/** IBM GBS                                    **/\n/** Date: 08/12/2017                           **/\n/** Modification History Add below             **/\n/**                                            **/\n/************************************************/\n\n==================================================\n============= IMPORTANT Note: ====================  \n  Please Remove Debug Nodes from this flow\n            prior to deployment\n==================================================\n==================================================\n\nIntro:\n------\n\nThis Subflow gets executed only once during the run.\n\nThe flow will read environment file and \npassword phrase file from the host and will \ndecrypt the strings kept in environment variable file. \nThe flow will also define following global variables \nfor the session. \n\nNote for making update to environment file:\n===========================================\n\nIf new rows are added to environemnt file \nthen remember to update the Node \n\"Receive Decrypted String and Define Global Variable\" to \ndefine addtional global variables.\n\n\nList of Global Variables:\n=========================\n\nglobal_conv_wks  ==> Conversation Workspace\nglobal_conv_usr  ==> Conversation User Name\nglobal_conv_pass ==> Conversation Password \n\n\nNode for the Deployment:\n========================\n\nCurrent Environment file name is: \nvar m_env_file      = 'SOE_environement_file_DEV';\n\nEnviornment File Name needs to be updted in the\nNode : \"Store Global File Path\".\n\n\nOther Variables are file path variables; \nthese path must be mapped to corresponding \nfolders on the host.\n\nvar m_base_key_path = \"/usr/src/node-red/keyfiles/\";\nvar m_base_log_path = \"/usr/src/node-red/logs/\";\n\n\n\nStructure of Environment Variable file\"\n=======================================\n\nconversation_workspace : <encrypted string>\nconversation_username  : <encrypted string>\nconversation_password  : <encrypted string>\n\n\n\n","x":380,"y":40,"wires":[]},{"id":"7917ee5.fcfb25","type":"subflow:1e02b17b.fccab7","z":"c38dd75c.4ebba8","name":"","x":603,"y":206,"wires":[["2c117108.19b23a"]]},{"id":"dfa2f4db.f8cf38","type":"subflow:e47835fe.d52fc8","z":"c38dd75c.4ebba8","name":"","x":255,"y":208,"wires":[["7917ee5.fcfb25"]]},{"id":"d1a74db5.ca8538","type":"comment","z":"c38dd75c.4ebba8","name":"Subflow: Docker Read Env file and Decrypt","info":"","x":412,"y":98,"wires":[]},{"id":"9d5871a3.f9e9b","type":"function","z":"c38dd75c.4ebba8","name":"set msg.payload","func":"\nvar m_curr_msg_hold = msg.payload; \nmsg.m_curr_hold = m_curr_msg_hold;\nreturn msg;","outputs":1,"noerr":0,"x":241,"y":139,"wires":[["dfa2f4db.f8cf38"]]},{"id":"2c117108.19b23a","type":"function","z":"c38dd75c.4ebba8","name":"Restore MSG","func":"//Restore MSG\n\n\nvar m_curr_msg_hold = msg.m_curr_hold; \nmsg.payload = m_curr_msg_hold;\nreturn msg;\n","outputs":1,"noerr":0,"x":637,"y":305,"wires":[[]]},{"id":"48a0e1a6.83f5e4","type":"debug","z":"c38dd75c.4ebba8","name":"check-hold-store","active":true,"console":"false","complete":"true","x":527,"y":145,"wires":[]},{"id":"d9ba680.c53eb58","type":"http in","z":"f67be931.26aad","name":"Endpoint: CVP/GetCallData","url":"/CVP/GetCallData","method":"post","upload":false,"swaggerDoc":"","x":140,"y":140,"wires":[["e8bcf1ca.66c1"]]},{"id":"37d11932.e9dc8a","type":"http response","z":"f67be931.26aad","name":"","x":410,"y":340,"wires":[]},{"id":"a5caa24b.cefb5","type":"function","z":"f67be931.26aad","name":"Build CVP CallData Query","func":"var m_convoID = msg.getsession.convoID;\n\nvar m_server =  global.get(\"global_mssql_server\");  \nvar m_server_port =  global.get(\"global_mssql_server_port\"); \n\nvar m_database = global.get(\"global_mssql_db\");  \nvar m_mssql_user =  global.get(\"global_mssql_usr\");  \nvar m_mssql_passwd = global.get(\"global_mssql_pass\"); \nvar m_mssql_timeout = Number(global.get(\"global_mssql_timeOut\")); \nvar m_mssql_pool = Number(global.get(\"global_mssql_pool\"));\n\n/** Set msg Properties **/\nmsg.user = m_mssql_user;\nmsg.password = m_mssql_passwd;\nmsg.server=  m_server;  \nmsg.database = m_database;      \n//msg.trustedconnection=  'No';\nmsg.port= m_server_port;\nmsg.requestTimeout = m_mssql_timeout; \nmsg.connectionTimeout = m_mssql_timeout; \nmsg.pool = m_mssql_pool;\n\n//hardcoded query\n//m_qry = \"\";\n//m_qry = m_qry + \"select c.CallData \";\n//m_qry = m_qry + \" from Watson.CVP c \";\n//m_qry = m_qry + \" where c.convoID = '\" +m_convoID+\"'\";\n\n//stored procedure\nm_qry = \"\";\nm_qry = m_qry + \"EXEC [Watson].[sp_CVPget] \";\nm_qry = m_qry + \"@gucid = N'\" + m_convoID + \"'\";\n\nmsg.payload = m_qry;\n\n/** Save Query in msg object **/\n\nmsg.getsession.sqlsection.sqlquery = m_qry;\n\nreturn msg;\n\n","outputs":1,"noerr":0,"x":190,"y":240,"wires":[["dba2e77b.7ad7a8"]]},{"id":"1fcf42a2.f39699","type":"MSSQL-UCG","z":"f67be931.26aad","mssqlCN":"7886df16.fa8e58","name":"Pass Param","query":"","outField":"payload","x":577,"y":310,"wires":[[]]},{"id":"e8bcf1ca.66c1","type":"function","z":"f67be931.26aad","name":"set msg.payload","func":"var m_getsession = {};\nm_getsession = \n  {\n      \"sqlsection\" : {\n          sqlquery : \"\",\n          qry_result : \"\"\n      },\n      //convoID : msg.req.query.convoID   //query parm\n      //convoID : msg.req.body.convoID\n      convoID : msg.payload.convoID\n  };\nmsg.getsession = m_getsession;\n\nreturn msg;","outputs":1,"noerr":0,"x":400,"y":140,"wires":[["a5caa24b.cefb5","4aa7be0b.6236e8"]]},{"id":"f3e16d07.dc7a8","type":"function","z":"f67be931.26aad","name":"Return CallData","func":"if(msg.payload[0]!==undefined)\n{\nmsg.payload=msg.payload[0].CallData;\n}\nelse\n{\nmsg.payload='{\"message\" : \"ConvoID '+msg.getsession.convoID+' not found!\"}';\n}\n\nreturn msg;","outputs":1,"noerr":0,"x":160,"y":340,"wires":[["37d11932.e9dc8a"]]},{"id":"51e64c86.8aa41","type":"subflow:c38dd75c.4ebba8","z":"f67be931.26aad","name":"Docker Environment","x":440,"y":40,"wires":[["c4b32c41.dd6"]]},{"id":"4aa7be0b.6236e8","type":"debug","z":"f67be931.26aad","name":"UCG API GET CALL","active":false,"console":"false","complete":"payload","x":660,"y":140,"wires":[]},{"id":"2cded6dc.8f4366","type":"inject","z":"f67be931.26aad","name":"Inject Global Variables","topic":"","payload":"","payloadType":"date","repeat":"","crontab":"","once":true,"x":159,"y":39.72999572753906,"wires":[["51e64c86.8aa41"]]},{"id":"1c82481b.3ed2e","type":"http in","z":"f67be931.26aad","name":"Endpoint: CVP/PutCallData","url":"/CVP/PutCallData","method":"post","upload":false,"swaggerDoc":"","x":130,"y":500,"wires":[["64c15000.8e67e8"]]},{"id":"941e8559.3a037","type":"http response","z":"f67be931.26aad","name":"","x":410,"y":700,"wires":[]},{"id":"b9d4c203.fe796","type":"function","z":"f67be931.26aad","name":"Build CVP CallData Query","func":"var m_convoID = msg.getsession.convoID;\nvar m_calldata= msg.getsession.calldata;\n\nvar m_server =  global.get(\"global_mssql_server\");  \nvar m_server_port =  global.get(\"global_mssql_server_port\"); \n\nvar m_database = global.get(\"global_mssql_db\");  \nvar m_mssql_user =  global.get(\"global_mssql_usr\");  \nvar m_mssql_passwd = global.get(\"global_mssql_pass\");\nvar m_mssql_timeout = Number(global.get(\"global_mssql_timeOut\")); \nvar m_mssql_pool = Number(global.get(\"global_mssql_pool\"));\n\n/** Set msg Properties **/\nmsg.user = m_mssql_user;\nmsg.password = m_mssql_passwd;\nmsg.server=  m_server;  \nmsg.database = m_database;      \n//msg.trustedconnection=  'No';\nmsg.port= m_server_port;\nmsg.requestTimeout = m_mssql_timeout;\nmsg.connectionTimeout = m_mssql_timeout; \n\nmsg.pool = m_mssql_pool;\n\n//hardcoded query\n//m_qry = \"\";\n//m_qry = m_qry + \"select c.CallData \";\n//m_qry = m_qry + \" from Watson.CVP c \";\n//m_qry = m_qry + \" where c.convoID = '\" +m_convoID+\"'\";\n\n//stored procedure\nm_qry = \"\";\nm_qry = m_qry + \"EXEC [Watson].[sp_CVPput] \";\nm_qry = m_qry + \"@gucid = N'\" + m_convoID + \"'\";\nm_qry = m_qry + \",@calldata = '\" + m_calldata + \"'\";\n\nmsg.payload = m_qry;\n\n/** Save Query in msg object **/\n\nmsg.getsession.sqlsection.sqlquery = m_qry;\n\nreturn msg;\n\n","outputs":1,"noerr":0,"x":190,"y":600,"wires":[["c8a5ece0.584848"]]},{"id":"25a4bf09.277bb8","type":"MSSQL-UCG","z":"f67be931.26aad","mssqlCN":"7886df16.fa8e58","name":"Pass Params","query":"","outField":"payload","x":600,"y":586,"wires":[[]]},{"id":"64c15000.8e67e8","type":"function","z":"f67be931.26aad","name":"set msg.payload","func":"var m_getsession = {};\nm_getsession = \n  {\n      \"sqlsection\" : {\n          sqlquery : \"\",\n          qry_result : \"\"\n      },\n      convoID : msg.payload.convoID,       //parms posted from ivr\n      calldata : msg.payload.CallData\n  };\nmsg.getsession = m_getsession;\n\nreturn msg;","outputs":1,"noerr":0,"x":400,"y":500,"wires":[["b9d4c203.fe796","d9a64ce9.9368e"]]},{"id":"d9a64ce9.9368e","type":"debug","z":"f67be931.26aad","name":"UCG API PUT CALL","active":false,"console":"false","complete":"payload","x":660,"y":500,"wires":[]},{"id":"ca6906cb.7cdc6","type":"comment","z":"f67be931.26aad","name":"API for IVR to store CVP data","info":"","x":340,"y":440,"wires":[]},{"id":"22646715.f04fd4","type":"comment","z":"f67be931.26aad","name":"API for UCG to read CVP data","info":"","x":341,"y":93.47000122070312,"wires":[]},{"id":"7b5aac70.a263b4","type":"http in","z":"f67be931.26aad","name":"Endpoint: CVP/DelCallData","url":"/CVP/DelCallData","method":"post","upload":false,"swaggerDoc":"","x":130,"y":840,"wires":[["8da54fa7.b7acc"]]},{"id":"93c22109.2c4398","type":"http response","z":"f67be931.26aad","name":"","x":410,"y":1080,"wires":[]},{"id":"46ad3503.d87524","type":"function","z":"f67be931.26aad","name":"Build CVP CallData Query","func":"var m_convoID = msg.getsession.convoID;\n\nvar m_server =  global.get(\"global_mssql_server\");  \nvar m_server_port =  global.get(\"global_mssql_server_port\"); \n\nvar m_database = global.get(\"global_mssql_db\");  \nvar m_mssql_user =  global.get(\"global_mssql_usr\");  \nvar m_mssql_passwd = global.get(\"global_mssql_pass\"); \nvar m_mssql_timeout = Number(global.get(\"global_mssql_timeOut\")); \nvar m_mssql_pool = Number(global.get(\"global_mssql_pool\"));\n\n/** Set msg Properties **/\nmsg.user = m_mssql_user;\nmsg.password = m_mssql_passwd;\nmsg.server=  m_server;  \nmsg.database = m_database;      \n//msg.trustedconnection=  'No';\nmsg.port= m_server_port;\nmsg.requestTimeout = m_mssql_timeout;\nmsg.connectionTimeout = m_mssql_timeout; \nmsg.pool = m_mssql_pool;\n\n//hardcoded query\n//m_qry = \"\";\n//m_qry = m_qry + \"select c.CallData \";\n//m_qry = m_qry + \" from Watson.CVP c \";\n//m_qry = m_qry + \" where c.convoID = '\" +m_convoID+\"'\";\n\n//stored procedure\nm_qry = \"\";\nm_qry = m_qry + \"EXEC [Watson].[sp_CVPdel] \";\nm_qry = m_qry + \"@gucid = N'\" + m_convoID + \"'\";\n\nmsg.payload = m_qry;\n\n/** Save Query in msg object **/\n\nmsg.getsession.sqlsection.sqlquery = m_qry;\n\nreturn msg;\n\n","outputs":1,"noerr":0,"x":190,"y":960,"wires":[["b70b8ae5.19a4c8"]]},{"id":"366013cc.e8efa4","type":"MSSQL-UCG","z":"f67be931.26aad","mssqlCN":"7886df16.fa8e58","name":"Pass Param","query":"","outField":"payload","x":196,"y":1023.0000610351562,"wires":[[]]},{"id":"8da54fa7.b7acc","type":"function","z":"f67be931.26aad","name":"set msg.payload","func":"var m_getsession = {};\nm_getsession = \n  {\n      \"sqlsection\" : {\n          sqlquery : \"\",\n          qry_result : \"\"\n      },\n      convoID : msg.payload.convoID   //parms \n  };\nmsg.getsession = m_getsession;\n\nreturn msg;","outputs":1,"noerr":0,"x":400,"y":840,"wires":[["46ad3503.d87524","965d7d60.4597f"]]},{"id":"f5d0162e.5de9d8","type":"comment","z":"f67be931.26aad","name":"API to Delete CVP data","info":"","x":320,"y":780,"wires":[]},{"id":"965d7d60.4597f","type":"debug","z":"f67be931.26aad","name":"UCG API DEL CALL","active":false,"console":"false","complete":"payload","x":660,"y":840,"wires":[]},{"id":"dba2e77b.7ad7a8","type":"MSSQL-UCGv2","z":"f67be931.26aad","mssqlCN":"ad9dbed.e07a","name":"Pass Param","query":"","outField":"payload","x":430,"y":243.72000122070312,"wires":[["f3e16d07.dc7a8"]]},{"id":"c8a5ece0.584848","type":"MSSQL-UCGv2","z":"f67be931.26aad","mssqlCN":"7d54d6b0.a0ad18","name":"Pass Param","query":"","outField":"payload","x":421,"y":596.7899475097656,"wires":[["941e8559.3a037"]]},{"id":"b70b8ae5.19a4c8","type":"MSSQL-UCGv2","z":"f67be931.26aad","mssqlCN":"53bbd8e4.b9cad","name":"Pass Param","query":"","outField":"payload","x":419,"y":958.0599975585938,"wires":[["93c22109.2c4398"]]},{"id":"c4b32c41.dd6","type":"debug","z":"f67be931.26aad","name":"","active":true,"console":"false","complete":"true","x":618,"y":38,"wires":[]},{"id":"8f43c44f.d329c8","type":"debug","z":"c3da9514.dc35f","name":"","active":true,"console":"false","complete":"true","x":456,"y":209,"wires":[]}]