[{"id":"c89395af.b36c48","type":"tab","label":"Environment_file_Sprint4","disabled":false,"info":""},{"id":"88873225.280a6","type":"subflow","name":"Batch Enryption (Docker)","info":"","in":[{"x":79,"y":112,"wires":[{"id":"f15b832f.c16cf8"}]}],"out":[{"x":813,"y":143,"wires":[{"id":"341aa9ad.805c7e","port":0}]}]},{"id":"2b55c82b.6ae508","type":"subflow","name":"Batch Process flow for Encryption","info":"","in":[{"x":116,"y":101,"wires":[{"id":"96ae5a02.06e2b8"}]}],"out":[{"x":274,"y":394,"wires":[{"id":"4356f0f6.fe2ca8","port":1}]}]},{"id":"d2a72cb.278545","type":"subflow","name":"Batch Enryption (Local)","info":"","in":[{"x":106,"y":94,"wires":[{"id":"db701be6.1683a8"}]}],"out":[{"x":910,"y":89,"wires":[{"id":"4a5566e4.56b568","port":0}]}]},{"id":"9739fa7b.6a44c","type":"subflow","name":"Set Base File Path (Local)","info":"","in":[{"x":180,"y":220,"wires":[{"id":"79706101.e67b28"}]}],"out":[{"x":560,"y":220,"wires":[{"id":"79706101.e67b28","port":0}]}]},{"id":"9d1bbf96.bcfb6","type":"subflow","name":"Local-Read Env file  and Decrypt","info":"Please use this Subflow for testing \nwith local node-red installation","in":[{"x":219,"y":110,"wires":[{"id":"eeac0d7.c20947"}]}],"out":[{"x":634,"y":111,"wires":[{"id":"1fdd8f0.e26ec71","port":0}]}]},{"id":"e47835fe.d52fc8","type":"subflow","name":"Set Base File Path (Docker)","info":"","in":[{"x":180,"y":142,"wires":[{"id":"cf1d46ee.12e688"}]}],"out":[{"x":659,"y":139,"wires":[{"id":"cf1d46ee.12e688","port":0}]}]},{"id":"c3da9514.dc35f","type":"subflow","name":"Check Global Variables","info":"","in":[{"x":100,"y":140,"wires":[{"id":"404429fd.2948e"}]}],"out":[{"x":460,"y":140,"wires":[{"id":"404429fd.2948e","port":0}]}]},{"id":"a0a6fe05.08241","type":"subflow","name":"Decrypt the String","info":"","in":[{"x":209,"y":162,"wires":[{"id":"ce7128b9.1c7ca8"}]}],"out":[{"x":614,"y":162,"wires":[{"id":"ce7128b9.1c7ca8","port":0}]}]},{"id":"22409fba.2e272","type":"subflow","name":"Decrypt/Set Global Variables","info":"Date: 08/14/2017-\n\nNew Subflow Created to share logic between\nLocal and Docker flow.","in":[{"x":67,"y":137,"wires":[{"id":"ed49971d.78b048"}]}],"out":[{"x":340,"y":480,"wires":[{"id":"2a979759.66f528","port":0}]}]},{"id":"432885a0.d63e5c","type":"subflow","name":"Docker Read Env file and Decrypt","info":"","in":[{"x":92,"y":117,"wires":[{"id":"c07221d4.e3a99"}]}],"out":[{"x":817,"y":304,"wires":[{"id":"4dab7bc3.925624","port":0}]}]},{"id":"fedab7e0.a492b8","type":"subflow","name":"Encrypt the String","info":"","in":[{"x":96,"y":130,"wires":[{"id":"850a36cb.05bbf8"}]}],"out":[{"x":491,"y":130,"wires":[{"id":"850a36cb.05bbf8","port":0}]}]},{"id":"76675d81.eb7e94","type":"MSSQL-CN","z":"","name":"ucg-mssql","server":"ucg-mssql.database.windows.net","encyption":true,"database":"ucg"},{"id":"a8d5ebae.8d9888","type":"MSSQL-CN","z":"","name":"ucg-mssql","server":"ucg-mssql.database.windows.net","encyption":true,"database":"ucg"},{"id":"190f4118.40aebf","type":"MSSQL-UCG-CN","z":"","name":"","server":"","port":"","encyption":true,"database":""},{"id":"eb4ab182.f0609","type":"MSSQL-UCG-CN","z":"","name":"Test","server":"wdwasoesql01","port":"31631","encyption":true,"database":"WASOE_VA_Sessionstate"},{"id":"7886df16.fa8e58","type":"MSSQL-UCG-CN","z":"","name":"","server":"","port":"","encyption":true,"database":""},{"id":"b28cf63.c575b08","type":"tls-config","z":"","name":"","cert":"","key":"","ca":"","certname":"","keyname":"","caname":"","verifyservercert":false},{"id":"f15b832f.c16cf8","type":"function","z":"88873225.280a6","name":"Batch Encryption- Set Base Variables (Docker)","func":"var m_base_key_path = \"/usr/src/node-red/keyfiles/\";\nvar m_base_log_path = \"/usr/src/node-red/logs/\";\n\nvar m_env_input_file      = m_base_key_path+ 'SOE_environment_file_input';\nvar m_env_output_file     = m_base_key_path+ 'SOE_environment_file_output';\nvar m_env_revalidation_file = m_base_key_path+ 'SOE_environment_revalidation_output';\n\nglobal.set(\"global_file_path_key_files\",m_base_key_path);\nglobal.set(\"global_passwd_phrase_file\",m_base_key_path+\"password_phrase.txt\");\nglobal.set(\"global_logfile_path\",m_base_log_path+\"logs/\");\nglobal.set(\"global_env_input_file\",m_env_input_file);\nglobal.set(\"global_env_output_file\",m_env_output_file);\nglobal.set(\"global_env_revalidation_file\",m_env_revalidation_file);\nreturn msg;","outputs":1,"noerr":0,"x":276,"y":258,"wires":[["341aa9ad.805c7e"]]},{"id":"341aa9ad.805c7e","type":"subflow:2b55c82b.6ae508","z":"88873225.280a6","name":"","x":653,"y":256,"wires":[[]]},{"id":"6bc77842.c3ecf8","type":"comment","z":"88873225.280a6","name":"Batch Enryption (Docker) - Subflow","info":"","x":463,"y":119,"wires":[]},{"id":"4356f0f6.fe2ca8","type":"read-line","z":"2b55c82b.6ae508","name":"Read one line from \"environment_file Input file\"","topic":"","file":"","offset":0,"limit":0,"x":298,"y":307,"wires":[["43756fd2.e81668","fa2f7a7b.27f5f8"],[]]},{"id":"43756fd2.e81668","type":"function","z":"2b55c82b.6ae508","name":"Receive String to Decrypt ","func":"var m_string = msg.payload;\n\nif (m_string.lastIndexOf(\"|\") >= 0 ) {\nmsg.string = msg.payload.split(\"|\");\nmessage1  =msg.string[0].trim();\nmsg_flag  =msg.string[1].trim();\nmessage2  =msg.string[2].trim();\n} else {\n    \n    var message1 = \"\";\n    var msg_flag = \"N\";\n    var message2 = \" \";\n}\n\nm_file = global.get(\"global_env_output_file\");\nnode.log(\"nak output : \" + m_file);\n//msg.payload ={};\nmsg.topic = message1;\nmsg.payload = message2;\nmsg.flag = msg_flag;\nmsg.m_value = message2;\nmsg.filename = global.get(\"global_env_output_file\");\n\nreturn msg;","outputs":1,"noerr":0,"x":631,"y":301,"wires":[["84aab0cc.9d569"]]},{"id":"84aab0cc.9d569","type":"switch","z":"2b55c82b.6ae508","name":"Check if to be encrypted","property":"flag","propertyType":"msg","rules":[{"t":"eq","v":"R","vt":"str"},{"t":"else"}],"checkall":"true","outputs":2,"x":476,"y":510,"wires":[["fe753fff.dde678"],["29cb280d.ee7dc8","7bfdb7ce.49d8"]]},{"id":"29cb280d.ee7dc8","type":"function","z":"2b55c82b.6ae508","name":"Encryption Flow Function - Prepare to write to the Environment Output FIle","func":"//msg.string = msg.payload.split(\":\");\n//message1  =msg.string[0].trim();\n//message2  =msg.string[1].trim();\n\nmessage1  =msg.topic; \nmessage2  =msg.payload;\nmsg_flag  =msg.flag;\n\nvar m_string = message1 + \"                                           \";\nvar m_sub_str = m_string.substring(0,35);\n\nif (msg_flag == 'R') {\n    msg_flag = 'Y';\n} \n\nvar m_output_string = m_sub_str + '|' + msg_flag + '| ' + message2;\n\nnode.log(\"NAK2- m_output_string : =>\"+ m_output_string);\n//msg.payload = {};\nmsg.payload = m_output_string;\n\nmsg.filename = global.get(\"global_env_output_file\");\n\nreturn [msg] \n","outputs":1,"noerr":0,"x":986,"y":453,"wires":[["ddf5e806.04bca8","95eae7c5.4415d8"]]},{"id":"ddf5e806.04bca8","type":"debug","z":"2b55c82b.6ae508","name":"Display Encrypted string","active":true,"console":"false","complete":"payload","x":1223,"y":363,"wires":[]},{"id":"eb39e2ff.db6be","type":"comment","z":"2b55c82b.6ae508","name":"Readme First - Prior to Using this Batch Encryption Subflow","info":"/************************************************/\n/** Added by Nitin Kulkarni                    **/\n/** IBM GBS                                    **/\n/** Date: 08/18/2017                           **/\n/** Modification History Add below             **/\n/**                                            **/\n/************************************************/\n\n==================================================\n============= IMPORTANT Note: ====================  \n  Please Remove Debug Nodes from this flow\n            prior to deployment\n==================================================\n==================================================\n\nIntro:\n------\n\nThis flow is utility to allow mass encryption.\n\nFiles Used by this flow-\n\nPassword Phrase File: \"password_phrase.txt\"\nInput enviornment file Name: \"SOE_environment_file_input\"\n\nOutput file Name: \"SOE_environment_file_output\"\nRevalidation (Reverse encryption) file : \"SOE_environment_revalidation_output\"\n\n\nThese files should be kept in the supporting file folder\n\nStructure of Input file:\n------------------------\nSubject                       Flag  Value\n=======                       ====  ====================================\nconversation_workspace        |R|   321e996d-efee-42a0-8aed-3dc93006a026\nmf_ivrh_url                   |N|   https://devl:16180/iv/IVRH\n\nFlag 'R' indicates - Value needs to be encrypted\n     'N' indicate4s - encryption is not needed and can be pass as is\n\n\nHow Flow Works:\n---------------\n\nThe flow will read Input environment file, will used password phrase from the \npassword phrase file.\n\nThe flow will use Crypto-JS/AES algorithm and will encrypt the value based on the flag.\nEach line from Inputfile will be written to the output file, \nIn the output file -\n   on encryped rows, the flag will be set to \"Y\"\n   on pass-thru lines the flag will remain asis i.e. \"N\"\n   \n\nRevalidation File:\n=================\nThe purpose of revalidation flow, is pass the encrypted string to the\ndecrypt function and generate the orginal string for the verification.\n\nThe flow will generate revalidation file.\n\n","x":565,"y":60,"wires":[]},{"id":"96ae5a02.06e2b8","type":"function","z":"2b55c82b.6ae508","name":"Reset Env Output File","func":"\n/** Reset the file **/\n\nmsg.payload = \"\";\nmsg.filename =  global.get(\"global_env_output_file\");\n \nreturn msg;\n\n","outputs":1,"noerr":0,"x":324,"y":142,"wires":[["c14adc95.ab07f","70b4dfa8.3e155"]]},{"id":"95eae7c5.4415d8","type":"file","z":"2b55c82b.6ae508","name":"","filename":"","appendNewline":true,"createDir":false,"overwriteFile":"false","x":1241,"y":533,"wires":[]},{"id":"c14adc95.ab07f","type":"file","z":"2b55c82b.6ae508","name":"Reset File Output File","filename":"","appendNewline":false,"createDir":false,"overwriteFile":"true","x":715,"y":140,"wires":[]},{"id":"e73c0ca.e2eebf","type":"function","z":"2b55c82b.6ae508","name":"Set Input File Name","func":"msg.filename =  global.get(\"global_env_input_file\");\n \nreturn msg;","outputs":1,"noerr":0,"x":336,"y":256,"wires":[["4356f0f6.fe2ca8"]]},{"id":"fe753fff.dde678","type":"subflow:fedab7e0.a492b8","z":"2b55c82b.6ae508","name":"","x":795,"y":381,"wires":[["29cb280d.ee7dc8","15704524.80960b"]]},{"id":"15704524.80960b","type":"subflow:a0a6fe05.08241","z":"2b55c82b.6ae508","name":"","x":790,"y":544,"wires":[["7bfdb7ce.49d8","c8beb447.6fee78"]]},{"id":"70b4dfa8.3e155","type":"function","z":"2b55c82b.6ae508","name":"Reset Revalidation File","func":"msg.filename = global.get(\"global_env_revalidation_file\"); \nmsg.payload = \"\";\nreturn msg;","outputs":1,"noerr":0,"x":328,"y":190,"wires":[["e73c0ca.e2eebf","c14adc95.ab07f"]]},{"id":"7bfdb7ce.49d8","type":"function","z":"2b55c82b.6ae508","name":"Revalidation Flow - Prepare to Write to the file Revalidation Output File","func":"//msg.string = msg.payload.split(\":\");\n//message1  =msg.string[0].trim();\n//message2  =msg.string[1].trim();\n\nmessage1  =msg.topic; \nmessage2  =msg.payload;\nmsg_flag  =msg.flag;\n\nvar m_string = message1 + \"                                           \";\nvar m_sub_str = m_string.substring(0,35);\n\nif (msg_flag == 'Y') {\n    msg_flag = 'R';\n} \n\nvar m_output_string = m_sub_str + '|' + msg_flag + '| ' + message2;\n\nnode.log(\"NAK2- m_revalidation_string : =>\"+ m_output_string);\n//msg.payload = {};\nmsg.payload = m_output_string;\n\nmsg.filename = global.get(\"global_env_revalidation_file\"); \n\nreturn [msg] \n","outputs":1,"noerr":0,"x":948,"y":610,"wires":[["95eae7c5.4415d8"]]},{"id":"db701be6.1683a8","type":"function","z":"d2a72cb.278545","name":"Batch Encryption- Set Base Variables (Local)","func":"var m_base_key_path = \"/Users/nitin.a.kulkarni@us.ibm.com/.node-red/keyfiles/\";\nvar m_base_log_path = \"/Users/nitin.a.kulkarni@us.ibm.com/.node-red/logs/\";\nvar m_env_input_file      = m_base_key_path+ 'SOE_environment_file_input';\nvar m_env_output_file     = m_base_key_path+ 'SOE_environment_file_output';\nvar m_env_revalidation_file = m_base_key_path+ 'SOE_environment_revalidation_output';\n\nglobal.set(\"global_file_path_key_files\",m_base_key_path);\nglobal.set(\"global_passwd_phrase_file\",m_base_key_path+\"password_phrase.txt\");\nglobal.set(\"global_logfile_path\",m_base_log_path+\"logs/\");\nglobal.set(\"global_env_input_file\",m_env_input_file);\nglobal.set(\"global_env_output_file\",m_env_output_file);\nglobal.set(\"global_env_revalidation_file\",m_env_revalidation_file);\nreturn msg;","outputs":1,"noerr":0,"x":348,"y":194,"wires":[["4a5566e4.56b568"]]},{"id":"4a5566e4.56b568","type":"subflow:2b55c82b.6ae508","z":"d2a72cb.278545","name":"","x":735,"y":192,"wires":[[]]},{"id":"79706101.e67b28","type":"function","z":"9739fa7b.6a44c","name":"Set Base File Paths (Local)","func":"var m_base_key_path = \"/Users/nitin.a.kulkarni@us.ibm.com/.node-red/keyfiles/\";\nvar m_base_log_path = \"/Users/nitin.a.kulkarni@us.ibm.com/.node-red/logs/\";\nvar m_env_file      = 'SOE_environment_file';\n\n\nglobal.set(\"global_file_path_key_files\",m_base_key_path);\nglobal.set(\"global_passwd_phrase_file\",m_base_key_path+\"password_phrase.txt\");\nglobal.set(\"global_logfile_path\",m_base_log_path+\"logs/\");\n\n\nmsg.filename = m_base_key_path + m_env_file;\n\nreturn msg;\n\n","outputs":1,"noerr":0,"x":360,"y":220,"wires":[[]]},{"id":"3ce2636.a77869c","type":"comment","z":"9d1bbf96.bcfb6","name":"Readme First - Prior to Using this Subflow","info":"/************************************************/\n/** Added by Nitin Kulkarni                    **/\n/** IBM GBS                                    **/\n/** Date: 08/12/2017                           **/\n/** Modification History Add below             **/\n/**                                            **/\n/************************************************/\n\n==================================================\n============= IMPORTANT Note: ====================  \n  Please Remove Debug Nodes from this flow\n            prior to deployment\n==================================================\n==================================================\n\nIntro:\n------\n\nThis Subflow gets executed only once during the run.\n\nThe flow will read environment file and \npassword phrase file from the host and will \ndecrypt the strings kept in environment variable file. \nThe flow will also define following global variables \nfor the session. \n\nNote for making update to environment file:\n===========================================\n\nIf new rows are added to environemnt file \nthen remember to update the Node \n\"Receive Decrypted String and Define Global Variable\" to \ndefine addtional global variables.\n\n\nList of Global Variables:\n=========================\n\nglobal_conv_wks  ==> Conversation Workspace\nglobal_conv_usr  ==> Conversation User Name\nglobal_conv_pass ==> Conversation Password \n\n\nNode for the Deployment:\n========================\n\nCurrent Environment file name is: \nvar m_env_file      = 'SOE_environement_file_DEV';\n\nEnviornment File Name needs to be updted in the\nNode : \"Store Global File Path\".\n\n\nOther Variables are file path variables; \nthese path must be mapped to corresponding \nfolders on the host.\n\nvar m_base_key_path = \"/usr/src/node-red/keyfiles/\";\nvar m_base_log_path = \"/usr/src/node-red/logs/\";\n\n\n\nStructure of Environment Variable file\"\n=======================================\n\nconversation_workspace |<encryption flag Y or N> | <encrypted string>\nconversation_username  |<encryption flag Y or N> | <encrypted string>\nconversation_password  |<encryption flag Y or N> | <encrypted string>\n\n\n\n","x":419,"y":45,"wires":[]},{"id":"1fdd8f0.e26ec71","type":"subflow:22409fba.2e272","z":"9d1bbf96.bcfb6","name":"","x":596,"y":214,"wires":[[]]},{"id":"eeac0d7.c20947","type":"subflow:9739fa7b.6a44c","z":"9d1bbf96.bcfb6","name":"","x":280,"y":213,"wires":[["1fdd8f0.e26ec71"]]},{"id":"cf1d46ee.12e688","type":"function","z":"e47835fe.d52fc8","name":"Set Base File Paths (Docker)","func":"var m_base_key_path = \"/usr/src/node-red/keyfiles/\";\nvar m_base_log_path = \"/usr/src/node-red/logs/\";\nvar m_env_file      = 'SOE_environment_file';\n\nglobal.set(\"global_file_path_key_files\",m_base_key_path);\nglobal.set(\"global_passwd_phrase_file\",m_base_key_path+\"password_phrase.txt\");\nglobal.set(\"global_logfile_path\",m_base_log_path+\"logs/\");\n\n\nmsg.filename = m_base_key_path + m_env_file;\n\nreturn msg;","outputs":1,"noerr":0,"x":415,"y":220,"wires":[[]]},{"id":"70ac9c3e.42906c","type":"comment","z":"e47835fe.d52fc8","name":"Subflow: Set Base File Paths (Docker)","info":"","x":403,"y":79,"wires":[]},{"id":"404429fd.2948e","type":"function","z":"c3da9514.dc35f","name":"Check Global Variables","func":"msg.payload = {};\n\nmsg.payload.global_conv_wks = global.get(\"global_conv_wks\");\nmsg.payload.global_conv_usr = global.get(\"global_conv_usr\");\nmsg.payload.global_conv_pass = global.get(\"global_conv_pass\");\nmsg.payload.global_conv_url = global.get(\"global_conv_url\");\n\n\nmsg.payload.global_stt_usr = global.get(\"global_stt_usr\");\nmsg.payload.global_stt_pass = global.get(\"global_stt_pass\");\nmsg.payload.global_tts_usr = global.get(\"global_tts_usr\");\nmsg.payload.global_tts_pass = global.get(\"global_tts_pass\");\n\nmsg.payload.global_mf_ivrh_url = global.get(\"global_mf_ivrh_url\");\nmsg.payload.global_mf_ivth_url = global.get(\"global_mf_ivth_url\");\nmsg.payload.global_HUSERID  = global.get(\"global_HUSERID\");\n\nmsg.payload.global_mssql_server = global.get(\"global_mssql_server\");  \nmsg.payload.global_mssql_db = global.get(\"global_mssql_db\");  \nmsg.payload.global_mssql_usr = global.get(\"global_mssql_usr\");  \nmsg.payload.global_mssql_pass = global.get(\"global_mssql_pass\");  \n\nmsg.payload.global_vgwactplay_url = global.get(\"global_vgwactplay_url\");\nmsg.payload.global_watson_stt_url = global.get(\"global_watson_stt_url\");\nmsg.payload.global_watson_tts_url = global.get(\"global_watson_tts_url\");\nmsg.payload.global_vgw_optout = global.get(\"global_vgw_optout\");\nmsg.payload.global_stt_customization_id = global.get(\"global_stt_customization_id\");\nmsg.payload.global_tts_customization_id = global.get(\"global_tts_customization_id\");\nmsg.payload.global_cvp_api_url = global.get(\"global_cvp_api_url\");\nmsg.payload.global_customer_error_message = global.get(\"global_customer_error_message\");\nmsg.payload.global_timezone = global.get(\"global_timezone\");\nmsg.payload.global_sip_dns_string = global.get(\"global_sip_dns_string\");\nmsg.payload.global_vgw_timeOut_default = global.get(\"global_vgw_timeOut_default\");\nmsg.payload.global_vgw_firmup_silence_time = global.get(\"global_vgw_firmup_silence_time\");\nmsg.payload.global_vgw_jitterBufferDelay = global.get(\"global_vgw_jitterBufferDelay\");\nmsg.payload.global_vgw_cacheTimeToLive = global.get(\"global_vgw_cacheTimeToLive\");\nmsg.payload.global_vgw_dtmfCount = global.get(\"global_vgw_dtmfCount\");\nmsg.payload.global_mf_timeOut = global.get(\"global_mf_timeOut\");\nmsg.payload.global_mssql_timeOut = global.get(\"global_mssql_timeOut\");\nmsg.payload.global_cvp_timeOut = global.get(\"global_cvp_timeOut\");\nmsg.payload.global_watson_timeOut = global.get(\"global_watson_timeOut\");\nmsg.payload.global_vgw_sip_locator = global.get(\"global_vgw_sip_locator\");\n\nmsg.payload.global_containment_success_score =  global.get(\"global_containment_success_score\");\nmsg.payload.global_containment_fail_score  = global.get(\"global_containment_fail_score\");\nmsg.payload.global_containment_high_conf_start  = global.get(\"global_containment_high_conf_start\");\nmsg.payload.global_containment_med_conf_start  = global.get(\"global_containment_med_conf_start\");\nmsg.payload.global_containment_low_conf_start  = global.get(\"global_containment_low_conf_start\");\nmsg.payload.global_containment_no_conf_start   = global.get(\"global_containment_no_conf_start\");\nmsg.payload.global_containment_high_conf_score  = global.get(\"global_containment_high_conf_score\");\nmsg.payload.global_containment_med_conf_score  = global.get(\"global_containment_med_conf_score\");\nmsg.payload.global_containment_low_conf_score  = global.get(\"global_containment_low_conf_score\");\nmsg.payload.global_containment_no_conf_score   = global.get(\"global_containment_no_conf_score\");\nmsg.payload.global_default_route_auth = global.get(\"global_default_route_auth\");\nmsg.payload.global_default_route_nonauth = global.get(\"global_default_route_nonauth\");\nmsg.payload.global_vgwSessionInactivityTimeout = global.get(\"global_vgwSessionInactivityTimeout\");\nmsg.payload.global_mssql_pool = global.get(\"global_mssql_pool\");\n \n\nreturn msg;\n","outputs":1,"noerr":0,"x":290,"y":140,"wires":[[]]},{"id":"91d29992.bdd6a8","type":"comment","z":"c3da9514.dc35f","name":"Subflow - Check Global Variables","info":"","x":324,"y":66,"wires":[]},{"id":"ce7128b9.1c7ca8","type":"function","z":"a0a6fe05.08241","name":"Decrypt the String","func":"// Define Global Context from Here //\n\nvar CryptoJS = context.global.cryptojs;\nvar fs_read = context.global.fsfileread;\n\n// Define Global Context Upto Here //\n\n\nglobal_passwd_phrase_file = global.get(\"global_passwd_phrase_file\");\n\nvar password_phrase = fs_read.readFileSync(global_passwd_phrase_file, \"UTF8\");  \n\nvar encrypted_passwd   = msg.payload;\n\nvar decrypted = CryptoJS.AES.decrypt(encrypted_passwd, password_phrase);\n\nmsg.payload = decrypted.toString(CryptoJS.enc.Utf8);\n\n\nreturn msg;\n\n\n\n\n\n\n","outputs":1,"noerr":0,"x":413,"y":162,"wires":[[]]},{"id":"41743f39.1db94","type":"debug","z":"22409fba.2e272","name":"","active":true,"console":"false","complete":"true","x":350,"y":560,"wires":[]},{"id":"ed49971d.78b048","type":"read-line","z":"22409fba.2e272","name":"Read one line from \"environment_file\"","topic":"","file":"","offset":0,"limit":0,"x":202,"y":346,"wires":[["231be80.8ede918"],["2a979759.66f528"]]},{"id":"231be80.8ede918","type":"function","z":"22409fba.2e272","name":"Receive String to Decrypt ","func":"var m_string = msg.payload;\n\nif (m_string.lastIndexOf(\"|\") >= 0 ) {\nmsg.string = msg.payload.split(\"|\");\nmessage1  =msg.string[0].trim();\nmsg_flag  =msg.string[1].trim();\nmessage2  =msg.string[2].trim();\n} else {\n    \n    var message1 = \"\";\n    var msg_flag = \"N\";\n    var message2 = \" \";\n}\n\n//msg.payload ={};\nmsg.topic = message1;\nmsg.payload = message2;\nmsg.flag = msg_flag;\nmsg.m_value = message2;\n\nreturn msg;","outputs":1,"noerr":0,"x":577,"y":340,"wires":[["dd1b55ed.56b338"]]},{"id":"dd1b55ed.56b338","type":"switch","z":"22409fba.2e272","name":"Check if encrypted","property":"flag","propertyType":"msg","rules":[{"t":"eq","v":"Y","vt":"str"},{"t":"else"}],"checkall":"true","outputs":2,"x":565,"y":429,"wires":[["ce5c3291.f5445"],["a833f9af.2bdf58"]]},{"id":"ce5c3291.f5445","type":"subflow:a0a6fe05.08241","z":"22409fba.2e272","name":"","x":824.9999465942383,"y":404.99995136260986,"wires":[["a833f9af.2bdf58"]]},{"id":"a833f9af.2bdf58","type":"function","z":"22409fba.2e272","name":"Receive Decrypted String and Define Global Variable","func":"//msg.string = msg.payload.split(\":\");\n//message1  =msg.string[0].trim();\n//message2  =msg.string[1].trim();\n\nmessage1  =msg.topic; \nmessage2  =msg.payload;\nmsg_flag  =msg.flag;\n\n\n\nnode.log(\"NAK2- message1 : =>\"+ message1);\nnode.log(\"NAK2-Decrypted message2 : =>\"+ message2);\n\n\nif (message1==\"conversation_workspace\"){\n    global.set(\"global_conv_wks\",message2);\n}\n\nif (message1==\"conversation_url\"){\n    global.set(\"global_conv_url\",message2);\n}\n\n\nif (message1==\"conversation_username\"){\n    global.set(\"global_conv_usr\",message2);\n}\nif (message1==\"conversation_password\"){\n    global.set(\"global_conv_pass\",message2);\n}\nif (message1==\"stt_username\"){\n    global.set(\"global_stt_usr\",message2);\n}\nif (message1==\"stt_password\"){\n    global.set(\"global_stt_pass\",message2);\n}\n\nif (message1==\"tts_username\"){\n    global.set(\"global_tts_usr\",message2);\n}\nif (message1==\"tts_password\"){\n    global.set(\"global_tts_pass\",message2);\n}\nif (message1==\"mf_ivrh_url\"){\n    global.set(\"global_mf_ivrh_url\",message2);\n}\nif (message1==\"mf_ivth_url\"){\n    global.set(\"global_mf_ivth_url\",message2);\n}\nif (message1==\"HUSERID\"){\n    global.set(\"global_HUSERID\",message2);\n}\nif (message1==\"mssql_server\"){\n    global.set(\"global_mssql_server\",message2);\n}\nif (message1==\"mssql_server_port\"){\n    global.set(\"global_mssql_server_port\",message2);\n}\nif (message1==\"mssql_server_database\"){\n    global.set(\"global_mssql_db\",message2);\n}\nif (message1==\"mssql_server_username\"){\n    global.set(\"global_mssql_usr\",message2);\n}\nif (message1==\"mssql_user_password\"){\n    global.set(\"global_mssql_pass\",message2);\n}\nif (message1==\"vgwActPlayUrl\"){\n    global.set(\"global_vgwactplay_url\",message2);\n}\nif (message1==\"watson_stt_api\"){\n    global.set(\"global_watson_stt_url\",message2);\n}\nif (message1==\"watson_tts_api\"){\n    global.set(\"global_watson_tts_url\",message2);\n}\nif (message1==\"vgw_optout\"){\n    global.set(\"global_vgw_optout\",message2);\n}\nif (message1==\"stt_customization_id\"){\n    global.set(\"global_stt_customization_id\",message2);\n}\nif (message1==\"tts_customization_id\"){\n    global.set(\"global_tts_customization_id\",message2);\n}\nif (message1==\"cvp_api_url\"){\n    global.set(\"global_cvp_api_url\",message2);\n}\nif (message1==\"customer_error_message\"){\n    global.set(\"global_customer_error_message\",message2);\n}\nif (message1==\"timezone\"){\n    global.set(\"global_timezone\",message2);\n}\nif (message1==\"sip_dns_string\"){\n    global.set(\"global_sip_dns_string\",message2);\n}\nif (message1==\"vgw_timeOut_default\"){\n    global.set(\"global_vgw_timeOut_default\",message2);\n}\nif (message1==\"vgw_firmup_silence_time\"){\n    global.set(\"global_vgw_firmup_silence_time\",message2);\n}\nif (message1==\"vgw_jitterBufferDelay\"){\n    global.set(\"global_vgw_jitterBufferDelay\",message2);\n}\nif (message1==\"vgw_cacheTimeToLive\"){\n    global.set(\"global_vgw_cacheTimeToLive\",message2);\n}\nif (message1==\"vgw_dtmfCount\"){\n    global.set(\"global_vgw_dtmfCount\",message2);\n}\nif (message1==\"mf_timeOut\"){\n    global.set(\"global_mf_timeOut\",message2);\n}\nif (message1==\"mssql_timeOut\"){\n    global.set(\"global_mssql_timeOut\",message2);\n}\nif (message1==\"cvp_timeOut\"){\n    global.set(\"global_cvp_timeOut\",message2);\n}\nif (message1==\"watson_timeOut\"){\n    global.set(\"global_watson_timeOut\",message2);\n}\nif (message1==\"vgw_sip_locator\"){\n    global.set(\"global_vgw_sip_locator\",message2);\n}\n\nif (message1==\"containment_success_score\"){\n    global.set(\"global_containment_success_score\",message2);\n}\nif (message1==\"containment_fail_score\"){\n    global.set(\"global_containment_fail_score\",message2);\n}\nif (message1==\"containment_high_conf_start\"){\n    global.set(\"global_containment_high_conf_start\",message2);\n}\nif (message1==\"containment_med_conf_start\"){\n    global.set(\"global_containment_med_conf_start\",message2);\n}\nif (message1==\"containment_low_conf_start\"){\n    global.set(\"global_containment_low_conf_start\",message2);\n}\nif (message1==\"containment_no_conf_start\"){\n    global.set(\"global_containment_no_conf_start\",message2);\n}\nif (message1==\"containment_high_conf_score\"){\n    global.set(\"global_containment_high_conf_score\",message2);\n}\nif (message1==\"containment_med_conf_score\"){\n    global.set(\"global_containment_med_conf_score\",message2);\n}\nif (message1==\"containment_low_conf_score\"){\n    global.set(\"global_containment_low_conf_score\",message2);\n}\nif (message1==\"containment_no_conf_score\"){\n    global.set(\"global_containment_no_conf_score\",message2);\n}\n\nif (message1==\"default_route_auth\"){\n    global.set(\"global_default_route_auth\",message2);\n}\n\nif (message1==\"default_route_nonauth\"){\n    global.set(\"global_default_route_nonauth\",message2);\n}\nif (message1==\"vgwSessionInactivityTimeout\"){\n    global.set(\"global_vgwSessionInactivityTimeout\",message2);\n}\nif (message1==\"mssql_pool\"){\n    global.set(\"global_mssql_pool\",message2);\n}\n\nreturn [msg];\n\n","outputs":1,"noerr":0,"x":649,"y":530,"wires":[[]]},{"id":"9e8ac402.873948","type":"comment","z":"22409fba.2e272","name":"Readme First - Prior to Using this Subflow","info":"/************************************************/\n/** Added by Nitin Kulkarni                    **/\n/** IBM GBS                                    **/\n/** Date: 08/12/2017                           **/\n/** Modification History Add below             **/\n/**                                            **/\n/************************************************/\n\n==================================================\n============= IMPORTANT Note: ====================  \n  Please Remove Debug Nodes from this flow\n            prior to deployment\n==================================================\n==================================================\n\nIntro:\n------\n\nThis Subflow gets executed only once during the run.\n\nThe flow will read environment file and \npassword phrase file from the host and will \ndecrypt the strings kept in environment variable file. \nThe flow will also define following global variables \nfor the session. \n\nNote for making update to environment file:\n===========================================\n\nIf new rows are added to environemnt file \nthen remember to update the Node \n\"Receive Decrypted String and Define Global Variable\" to \ndefine addtional global variables.\n\n\nList of Global Variables:\n=========================\n\nglobal_conv_wks  ==> Conversation Workspace\nglobal_conv_usr  ==> Conversation User Name\nglobal_conv_pass ==> Conversation Password \n\n\nNode for the Deployment:\n========================\n\nCurrent Environment file name is: \nvar m_env_file      = 'SOE_environement_file_DEV';\n\nEnviornment File Name needs to be updted in the\nNode : \"Store Global File Path\".\n\n\nOther Variables are file path variables; \nthese path must be mapped to corresponding \nfolders on the host.\n\nvar m_base_key_path = \"/usr/src/node-red/keyfiles/\";\nvar m_base_log_path = \"/usr/src/node-red/logs/\";\n\n\n\nStructure of Environment Variable file\"\n=======================================\n\nconversation_workspace |<encryption flag Y or N> | <encrypted string>\nconversation_username  |<encryption flag Y or N> | <encrypted string>\nconversation_password  |<encryption flag Y or N> | <encrypted string>\n\n\n\n","x":371,"y":131,"wires":[]},{"id":"2a979759.66f528","type":"subflow:c3da9514.dc35f","z":"22409fba.2e272","name":"","x":160,"y":500,"wires":[["41743f39.1db94"]]},{"id":"cbb60a27.70c5e","type":"comment","z":"22409fba.2e272","name":"Subflow: Decrypt/Set Global Variables","info":"","x":451,"y":76,"wires":[]},{"id":"b03825f2.7636a8","type":"comment","z":"432885a0.d63e5c","name":"Readme First - Prior to Using this Subflow","info":"/************************************************/\n/** Added by Nitin Kulkarni                    **/\n/** IBM GBS                                    **/\n/** Date: 08/12/2017                           **/\n/** Modification History Add below             **/\n/**                                            **/\n/************************************************/\n\n==================================================\n============= IMPORTANT Note: ====================  \n  Please Remove Debug Nodes from this flow\n            prior to deployment\n==================================================\n==================================================\n\nIntro:\n------\n\nThis Subflow gets executed only once during the run.\n\nThe flow will read environment file and \npassword phrase file from the host and will \ndecrypt the strings kept in environment variable file. \nThe flow will also define following global variables \nfor the session. \n\nNote for making update to environment file:\n===========================================\n\nIf new rows are added to environemnt file \nthen remember to update the Node \n\"Receive Decrypted String and Define Global Variable\" to \ndefine addtional global variables.\n\n\nList of Global Variables:\n=========================\n\nglobal_conv_wks  ==> Conversation Workspace\nglobal_conv_usr  ==> Conversation User Name\nglobal_conv_pass ==> Conversation Password \n\n\nNode for the Deployment:\n========================\n\nCurrent Environment file name is: \nvar m_env_file      = 'SOE_environement_file_DEV';\n\nEnviornment File Name needs to be updted in the\nNode : \"Store Global File Path\".\n\n\nOther Variables are file path variables; \nthese path must be mapped to corresponding \nfolders on the host.\n\nvar m_base_key_path = \"/usr/src/node-red/keyfiles/\";\nvar m_base_log_path = \"/usr/src/node-red/logs/\";\n\n\n\nStructure of Environment Variable file\"\n=======================================\n\nconversation_workspace : <encrypted string>\nconversation_username  : <encrypted string>\nconversation_password  : <encrypted string>\n\n\n\n","x":380,"y":40,"wires":[]},{"id":"952b1f96.d583c","type":"subflow:22409fba.2e272","z":"432885a0.d63e5c","name":"","x":603,"y":206,"wires":[["4dab7bc3.925624"]]},{"id":"1812f4b1.88b653","type":"subflow:e47835fe.d52fc8","z":"432885a0.d63e5c","name":"","x":255,"y":208,"wires":[["952b1f96.d583c"]]},{"id":"723efc5.54b8b04","type":"comment","z":"432885a0.d63e5c","name":"Subflow: Docker Read Env file and Decrypt","info":"","x":412,"y":98,"wires":[]},{"id":"850a36cb.05bbf8","type":"function","z":"fedab7e0.a492b8","name":"Get Required Context from Files","func":"// Define Global Context from Here //\n\nvar CryptoJS = context.global.cryptojs;\nvar fs_read = context.global.fsfileread;\n\n// Define Global Context Upto Here //\n\n\nglobal_passwd_phrase_file = global.get(\"global_passwd_phrase_file\");\nvar password_phrase = fs_read.readFileSync(global_passwd_phrase_file, \"UTF8\");  \n\nvar string   = msg.payload;\nvar encrypted = CryptoJS.AES.encrypt(string, password_phrase);\nnode.log(\"NAK Encrypted : \"+ encrypted);\nmsg.payload = encrypted.toString();\n\nreturn msg;\n\n\n\n\n\n\n","outputs":1,"noerr":0,"x":285,"y":130,"wires":[[]]},{"id":"c07221d4.e3a99","type":"function","z":"432885a0.d63e5c","name":"set msg.payload","func":"\nvar m_curr_msg_hold = msg.payload; \nmsg.m_curr_hold = m_curr_msg_hold;\nreturn msg;","outputs":1,"noerr":0,"x":241,"y":139,"wires":[["1812f4b1.88b653"]]},{"id":"4dab7bc3.925624","type":"function","z":"432885a0.d63e5c","name":"Restore MSG","func":"//Restore MSG\n\n\nvar m_curr_msg_hold = msg.m_curr_hold; \nmsg.payload = m_curr_msg_hold;\nreturn msg;\n","outputs":1,"noerr":0,"x":637,"y":305,"wires":[[]]},{"id":"da8b2470.412f98","type":"debug","z":"432885a0.d63e5c","name":"check-hold-store","active":true,"console":"false","complete":"true","x":527,"y":145,"wires":[]},{"id":"fa2f7a7b.27f5f8","type":"debug","z":"2b55c82b.6ae508","name":"Display String to Encrypt","active":true,"console":"true","complete":"payload","x":630,"y":262,"wires":[]},{"id":"c8beb447.6fee78","type":"debug","z":"2b55c82b.6ae508","name":"Display Decrypted String (Revalidation)","active":true,"console":"false","complete":"payload","x":989,"y":498,"wires":[]},{"id":"9889e77b.3f96a8","type":"comment","z":"c89395af.b36c48","name":"Readme: Comments for Storing Password Decryption Supporting Files","info":"The following is what Retrive Password Node Expects\n====================================================\n\nPassword Phrase File Name:\"password_phrase.txt\"\n\nEncrypted String File Name: \"SOE_environment_file_DEV\"\n\nFiles are stored on some fodler on the host which are \nmap to the container folder \"/usr/src/node-red/keyfiles\"\n\nSample command to run the docker image:\n---------------------------------------\n\nFormat:\n\ndocker run  -it  \n-v /<host folder for keyfiles>/:/usr/src/node-red/keyfiles   \n-v /<host folder for log files>/:/usr/src/node-red/logs \n-p 1880:1880  <repository>/<image:tag>\n\nExample:\ndocker run -it \n-v /Users/nitinkul/Documents/nitinkulData-Dev/Docker/supportingFiles:/usr/src/node-red/keyfiles   \n-v /Users/nitinkul/Documents/nitinkulData-Dev/Docker/logs:/usr/src/node-red/logs \n-p 1880:1880  nitinkul/nk3","x":418,"y":28,"wires":[]},{"id":"baf9ce18.15cb4","type":"comment","z":"c89395af.b36c48","name":"Utility to Encrypt and Decrypt String - Pl. run Set Base File Path once before running Encyrpt/Decrypt flow","info":"Password Phrase is Taken from 'password_phrase.txt' from \nthe host folder.\n\nThis host folder should be mapped to '/usr/src/node-red/keyfiles'\n\nPrior to Running this make sure, \nflow for setting environemnt Variables \nare run (either local or Docker version - \nwhichever is applicable)","x":485,"y":67,"wires":[]},{"id":"9b09481.bc571b8","type":"debug","z":"c89395af.b36c48","name":"","active":true,"console":"false","complete":"false","x":659,"y":130,"wires":[]},{"id":"c77aed42.8b2e98","type":"subflow:9739fa7b.6a44c","z":"c89395af.b36c48","x":406,"y":130,"wires":[["9b09481.bc571b8"]]},{"id":"63f3ade9.014a2c","type":"inject","z":"c89395af.b36c48","name":"","topic":"","payload":"","payloadType":"date","repeat":"","crontab":"","once":false,"x":146,"y":132,"wires":[["c77aed42.8b2e98"]]},{"id":"efa6c520.ccc68","type":"debug","z":"c89395af.b36c48","name":"","active":true,"console":"false","complete":"false","x":659,"y":173,"wires":[]},{"id":"96d50204.3fc608","type":"subflow:e47835fe.d52fc8","z":"c89395af.b36c48","x":411,"y":172,"wires":[["efa6c520.ccc68"]]},{"id":"82505672.60596","type":"inject","z":"c89395af.b36c48","name":"","topic":"","payload":"","payloadType":"date","repeat":"","crontab":"","once":false,"x":144,"y":174,"wires":[["96d50204.3fc608"]]},{"id":"510c4ad0.2e5664","type":"debug","z":"c89395af.b36c48","name":"Encrypted String","active":true,"console":"false","complete":"payload","x":639,"y":264,"wires":[]},{"id":"232d0b75.c80dc4","type":"subflow:fedab7e0.a492b8","z":"c89395af.b36c48","name":"","x":390,"y":264,"wires":[["510c4ad0.2e5664"]]},{"id":"b3116af6.6a7808","type":"inject","z":"c89395af.b36c48","name":"Inject String to Encrypt","topic":"","payload":"4frML2xqiKIL-Nitin-K-123","payloadType":"str","repeat":"","crontab":"","once":false,"x":160,"y":242,"wires":[["232d0b75.c80dc4","780a4fcc.b8207"]]},{"id":"780a4fcc.b8207","type":"debug","z":"c89395af.b36c48","name":"Input String to Encrypt","active":true,"console":"false","complete":"payload","x":396,"y":223,"wires":[]},{"id":"cabdec7d.4aa378","type":"debug","z":"c89395af.b36c48","name":"Input String to Decrypt","active":true,"console":"false","complete":"payload","x":403,"y":348,"wires":[]},{"id":"e7e111f4.f63808","type":"inject","z":"c89395af.b36c48","name":"Inject String to Decrypt","topic":"","payload":"U2FsdGVkX180wHVpZ3SFELDb+/DAe599cyNxIeuL4IM=","payloadType":"str","repeat":"","crontab":"","once":false,"x":176,"y":328,"wires":[["cabdec7d.4aa378","7ccdf28a.1c4a7c"]]},{"id":"7ccdf28a.1c4a7c","type":"subflow:a0a6fe05.08241","z":"c89395af.b36c48","name":"","x":391,"y":309,"wires":[["31e828cd.44f73"]]},{"id":"31e828cd.44f73","type":"debug","z":"c89395af.b36c48","name":"Decrypted String","active":true,"console":"false","complete":"payload","x":640,"y":311,"wires":[]},{"id":"77f51047.ae55e","type":"comment","z":"c89395af.b36c48","name":"Readme: Sample Flow to Read Strings from Environemnt File and Decrypt","info":"The flow varifies, if global variables are already set, \nif they are set then it bypaases reset of the flow and displays\nvaraibles and run count.\n-----------------------------------------------------------------\n\nThe flow reads the encrypted strings from the the fie\n\"SOE_environment_file_DEV\" from the host folder.\n\nPassword Phrase is Taken from 'password_phrase.txt' from \nthe host folder.\n\nThis host folder should be mapped to '/usr/src/node-red/keyfiles'\n\nPrior to Running this make sure, \nflow for setting environemnt Variables \nare run (either local or Docker version - \nwhichever is applicable)","x":388,"y":409,"wires":[]},{"id":"fe7f45a9.fd867","type":"debug","z":"c89395af.b36c48","name":"","active":true,"console":"false","complete":"false","x":652,"y":464,"wires":[]},{"id":"531bf791.88dac8","type":"subflow:9d1bbf96.bcfb6","z":"c89395af.b36c48","name":"","x":392,"y":463.0001220703125,"wires":[["fe7f45a9.fd867"]]},{"id":"9a7eefd7.9fefb","type":"inject","z":"c89395af.b36c48","name":"","topic":"","payload":"","payloadType":"date","repeat":"","crontab":"","once":false,"x":116,"y":461.2501220703125,"wires":[["531bf791.88dac8"]]},{"id":"66f4e555.4c299c","type":"debug","z":"c89395af.b36c48","name":"","active":true,"console":"false","complete":"false","x":649,"y":511,"wires":[]},{"id":"f6e64ead.ee9fe","type":"subflow:432885a0.d63e5c","z":"c89395af.b36c48","name":"","x":400,"y":511,"wires":[["66f4e555.4c299c"]]},{"id":"3bf39521.6c6e42","type":"inject","z":"c89395af.b36c48","name":"","topic":"","payload":"","payloadType":"date","repeat":"","crontab":"","once":false,"x":114,"y":511.25,"wires":[["f6e64ead.ee9fe"]]},{"id":"72395d16.d043ec","type":"comment","z":"c89395af.b36c48","name":"Readme First - Prior to Using this Batch Encryption Subflow","info":"/************************************************/\n/** Added by Nitin Kulkarni                    **/\n/** IBM GBS                                    **/\n/** Date: 08/18/2017                           **/\n/** Modification History Add below             **/\n/**                                            **/\n/************************************************/\n\n==================================================\n============= IMPORTANT Note: ====================  \n  Please Remove Debug Nodes from this flow\n            prior to deployment\n==================================================\n==================================================\n\nIntro:\n------\n\nThis flow is utility to allow mass encryption.\n\nFiles Used by this flow-\n\nPassword Phrase File: \"password_phrase.txt\"\nInput enviornment file Name: \"SOE_environment_file_input\"\n\nOutput file Name: \"SOE_environment_file_output\"\nRevalidation (Reverse encryption) file : \"SOE_environment_revalidation_output\"\n\n\nThese files should be kept in the supporting file folder\n\nStructure of Input file:\n------------------------\nSubject                       Flag  Value\n=======                       ====  ====================================\nconversation_workspace        |R|   321e996d-efee-42a0-8aed-3dc93006a026\nmf_ivrh_url                   |N|   https://devl:16180/iv/IVRH\n\nFlag 'R' indicates - Value needs to be encrypted\n     'N' indicate4s - encryption is not needed and can be pass as is\n\n\nHow Flow Works:\n---------------\n\nThe flow will read Input environment file, will used password phrase from the \npassword phrase file.\n\nThe flow will use Crypto-JS/AES algorithm and will encrypt the value based on the flag.\nEach line from Inputfile will be written to the output file, \nIn the output file -\n   on encryped rows, the flag will be set to \"Y\"\n   on pass-thru lines the flag will remain asis i.e. \"N\"\n   \n\nRevalidation File:\n=================\nThe purpose of revalidation flow, is pass the encrypted string to the\ndecrypt function and generate the orginal string for the verification.\n\nThe flow will generate revalidation file.\n\n","x":399,"y":563,"wires":[]},{"id":"dfc3c488.1a1ac8","type":"debug","z":"c89395af.b36c48","name":"","active":true,"console":"false","complete":"false","x":590,"y":610,"wires":[]},{"id":"f3e5da83.fd3dd","type":"subflow:88873225.280a6","z":"c89395af.b36c48","name":"","x":360,"y":610,"wires":[["dfc3c488.1a1ac8"]]},{"id":"da3d19f8.5a711","type":"inject","z":"c89395af.b36c48","name":"","topic":"","payload":"","payloadType":"date","repeat":"","crontab":"","once":false,"x":124,"y":609,"wires":[["f3e5da83.fd3dd"]]},{"id":"2f4fbb0.3132346","type":"debug","z":"c89395af.b36c48","name":"","active":true,"console":"false","complete":"false","x":582,"y":651,"wires":[]},{"id":"f0ef36c0.95f48","type":"subflow:d2a72cb.278545","z":"c89395af.b36c48","name":"","x":359,"y":652,"wires":[["2f4fbb0.3132346"]]},{"id":"2bfc5beb.caf6f4","type":"inject","z":"c89395af.b36c48","name":"","topic":"","payload":"","payloadType":"date","repeat":"","crontab":"","once":false,"x":132,"y":652,"wires":[["f0ef36c0.95f48"]]}]