{
    "name": "node-red-docker",
    "version": "1.0.0",
    "description": "A visual tool for wiring the Internet of Things",
    "homepage": "http://nodered.org",
    "license": "Apache 2.0",
    "repository": {
        "type": "git",
        "url": "https://github.com/node-red/node-red-docker.git"
    },
    "main": "node_modules/node-red/red/red.js",
    "scripts": {
        "start": "node $NODE_OPTIONS /usr/src/node-red/cluster.js -v $FLOWS"
    },
    "contributors": [
        {
            "name": "Dave Conway-Jones"
        },
        {
            "name": "Nick O'Leary"
        },
        {
            "name": "James Thomas"
        }
    ],
    "dependencies": {
        "node-red": "0.17.5",
        "node-red-node-msgpack": "*",
        "node-red-node-base64": "*",
        "node-red-node-suncalc": "*",
        "node-red-node-random": "*",
        "when": "~3.x",
        "nano": "6.2.x",
        "bcrypt": "1.0.2",
        "cfenv":"~1.0.0",
        "express":"4.x",
        "body-parser":"1.x",
        "http-shutdown":"1.2.0",
        "node-red-bluemix-nodes":"1.x",
        "node-red-node-watson":"0.x",
        "node-red-node-openwhisk":"0.x",
        "node-red-node-cf-cloudant":"0.x",
        "node-red-contrib-scx-ibmiotapp":"0.x",
        "node-red-contrib-mssql":"0.x",
        "node-red-contrib-ucg-mssql":"0.1.8",
        "node-red-contrib-ucg-mssqlv2":"0.1.31",
        "node-red-contrib-http-request":"0.x",
        "ioredis":"3.1.4",
        "node-red-node-watson-ucg":"0.0.11",
        "cluster-service":"2.x"

    },
    "engines": {
        "node": "8.*.*"
    }
}
