[{"id":"b30946af.566ef","type":"debug","z":"a5b0b23e.5c8bf8","name":"","active":true,"console":"false","complete":"false","x":602,"y":292,"wires":[]},{"id":"3dacb2af.f0f07e","type":"http request","z":"a5b0b23e.5c8bf8","name":"","method":"GET","ret":"txt","url":"http://172.17.0.2:1880/multiply","tls":"","x":424,"y":289,"wires":[["b30946af.566ef"]]},{"id":"1c6b4695.cf74e9","type":"inject","z":"a5b0b23e.5c8bf8","name":"","topic":"","payload":"10","payloadType":"num","repeat":"","crontab":"","once":false,"x":213,"y":287,"wires":[["3dacb2af.f0f07e"]]}]