[{"id":"81c5d692.3556e","type":"tab","label":"Flow 1"},{"id":"a5b0b23e.5c8bf8","type":"tab","label":"Flow 2"},{"id":"2d2c4fac.257a18","type":"http in","z":"81c5d692.3556e","name":"","url":"/multiply","method":"get","upload":false,"swaggerDoc":"","x":227,"y":235,"wires":[["8e458974.468b88"]]},{"id":"8e458974.468b88","type":"function","z":"81c5d692.3556e","name":"mult","func":"var m_1 = msg.payload * 4;\nmsg.payload = 5000;\nreturn msg;","outputs":1,"noerr":0,"x":407,"y":244,"wires":[["ca13b9d7.23dee8"]]},{"id":"ca13b9d7.23dee8","type":"http response","z":"81c5d692.3556e","name":"","statusCode":"","headers":{},"x":579,"y":235,"wires":[]},{"id":"1c6b4695.cf74e9","type":"inject","z":"a5b0b23e.5c8bf8","name":"","topic":"","payload":"10","payloadType":"num","repeat":"","crontab":"","once":false,"x":213,"y":287,"wires":[["3dacb2af.f0f07e"]]},{"id":"3dacb2af.f0f07e","type":"http request","z":"a5b0b23e.5c8bf8","name":"","method":"GET","ret":"txt","url":"http://127.0.0.1:1880/multiply","tls":"","x":424,"y":289,"wires":[["b30946af.566ef"]]},{"id":"b30946af.566ef","type":"debug","z":"a5b0b23e.5c8bf8","name":"","active":true,"console":"false","complete":"false","x":590,"y":280,"wires":[]}]